,index,video_name
0,0,VID_20220324_172810
0,1,VID_20220324_161817
0,2,VID_20220324_161835
0,3,VID_20220324_161851
0,4,VID_20220324_161923
0,5,VID_20220324_161947
0,6,VID_20220324_172506
0,7,VID_20220324_172522
0,8,VID_20220324_172536
0,9,VID_20220324_172555
0,10,VID_20220324_172613
0,11,VID_20220324_172644
0,12,VID_20220324_172659
0,13,VID_20220324_172715
0,14,VID_20220324_172756
0,15,VID_20220324_172826
0,16,VID_20220324_172843
0,17,VID_20220324_182311
0,18,VID_20220324_182328
0,19,VID_20220324_170145
0,20,VID_20220324_161910
0,21,VID_20220324_161948
0,22,VID_20220324_162013
0,23,VID_20220324_162055
0,24,VID_20220324_162137
0,25,VID_20220324_162216
0,26,VID_20220324_162327
0,27,VID_20220324_162413
0,28,VID_20220324_162521
0,29,VID_20220324_165706
0,30,VID_20220324_165800
0,31,VID_20220324_165844
0,32,VID_20220324_170015
0,33,VID_20220324_170038
0,34,VID_20220324_170109
0,35,VID_20220324_170214
0,36,VID_20220324_170248
0,37,VID_20220324_170332
0,38,VID_20220324_170405
0,39,VID_20220324_170502
0,40,VID_20220324_170542
0,41,VID_20220324_170702
0,42,VID_20220324_170719
0,43,VID_20220324_170732
0,44,VID_20220324_182201
0,45,VID_20220324_182215
0,46,VID_20220324_182228
0,47,VID_20220324_182243
0,48,VID_20220324_182306
0,49,VID_20220324_182325
0,50,VID_20220324_182347
0,51,VID_20220324_182404
0,52,VID_20220324_182432
0,53,VID_20220324_182448
0,54,VID_20220324_191059
0,55,VID_20220324_191136
0,56,VID_20220324_191159
0,57,VID_20220324_193313
0,58,VID_20220324_193656
0,59,VID_20220324_193709
0,60,VID_20220324_193720
0,61,VID_20220324_193733
