,cloud_name_x,label_x,cloud_name_y,label_y
0,VID_20220217_134059_mod6.ply,4,VID_20220217_134059_mod6.ply,4
1,VID_20220217_134059_mod6.ply,4,VID_20220217_124116_mod6.ply,6
2,VID_20220217_134059_mod6.ply,4,VID_20220217_143010_mod8.ply,7
3,VID_20220217_134059_mod6.ply,4,VID_20220217_101324_mod8.ply,10
4,VID_20220217_134059_mod6.ply,4,VID_20220217_131129_mod8.ply,2
5,VID_20220217_134059_mod6.ply,4,VID_20220217_175741_mod8.ply,8
6,VID_20220217_134059_mod6.ply,4,VID_20220217_124116_mod8.ply,6
7,VID_20220217_134059_mod6.ply,4,VID_20220217_182816_mod4.ply,0
8,VID_20220217_134059_mod6.ply,4,VID_20220217_182816_mod8.ply,0
9,VID_20220217_134059_mod6.ply,4,VID_20220217_101324_mod6.ply,10
10,VID_20220217_134059_mod6.ply,4,VID_20220217_175741_mod6.ply,8
11,VID_20220217_134059_mod6.ply,4,VID_20220217_153655_mod6.ply,5
12,VID_20220217_134059_mod6.ply,4,VID_20220217_134059_mod4.ply,4
13,VID_20220217_134059_mod6.ply,4,VID_20220217_101324_mod4.ply,10
14,VID_20220217_134059_mod6.ply,4,VID_20220217_131129_mod4.ply,2
15,VID_20220217_134059_mod6.ply,4,VID_20220217_134059_mod8.ply,4
16,VID_20220217_134059_mod6.ply,4,VID_20220217_154128_mod6.ply,3
17,VID_20220217_134059_mod6.ply,4,VID_20220217_124116_mod4.ply,6
18,VID_20220217_134059_mod6.ply,4,VID_20220217_182816_mod6.ply,0
19,VID_20220217_134059_mod6.ply,4,VID_20220217_143010_mod6.ply,7
20,VID_20220217_134059_mod6.ply,4,VID_20220217_165020_mod6.ply,9
21,VID_20220217_134059_mod6.ply,4,VID_20220217_154128_mod8.ply,3
22,VID_20220217_134059_mod6.ply,4,VID_20220217_154128_mod4.ply,3
23,VID_20220217_134059_mod6.ply,4,VID_20220217_181455_mod6.ply,1
24,VID_20220217_134059_mod6.ply,4,VID_20220217_143010_mod4.ply,7
25,VID_20220217_134059_mod6.ply,4,VID_20220217_153655_mod8.ply,5
26,VID_20220217_134059_mod6.ply,4,VID_20220217_181455_mod8.ply,1
27,VID_20220217_134059_mod6.ply,4,VID_20220217_175741_mod4.ply,8
28,VID_20220217_134059_mod6.ply,4,VID_20220217_165020_mod8.ply,9
29,VID_20220217_134059_mod6.ply,4,VID_20220217_131129_mod6.ply,2
30,VID_20220217_134059_mod6.ply,4,VID_20220217_165020_mod4.ply,9
31,VID_20220217_134059_mod6.ply,4,VID_20220217_153655_mod4.ply,5
32,VID_20220217_134059_mod6.ply,4,VID_20220217_181455_mod4.ply,1
33,VID_20220217_124116_mod6.ply,6,VID_20220217_134059_mod6.ply,4
34,VID_20220217_124116_mod6.ply,6,VID_20220217_124116_mod6.ply,6
35,VID_20220217_124116_mod6.ply,6,VID_20220217_143010_mod8.ply,7
36,VID_20220217_124116_mod6.ply,6,VID_20220217_101324_mod8.ply,10
37,VID_20220217_124116_mod6.ply,6,VID_20220217_131129_mod8.ply,2
38,VID_20220217_124116_mod6.ply,6,VID_20220217_175741_mod8.ply,8
39,VID_20220217_124116_mod6.ply,6,VID_20220217_124116_mod8.ply,6
40,VID_20220217_124116_mod6.ply,6,VID_20220217_182816_mod4.ply,0
41,VID_20220217_124116_mod6.ply,6,VID_20220217_182816_mod8.ply,0
42,VID_20220217_124116_mod6.ply,6,VID_20220217_101324_mod6.ply,10
43,VID_20220217_124116_mod6.ply,6,VID_20220217_175741_mod6.ply,8
44,VID_20220217_124116_mod6.ply,6,VID_20220217_153655_mod6.ply,5
45,VID_20220217_124116_mod6.ply,6,VID_20220217_134059_mod4.ply,4
46,VID_20220217_124116_mod6.ply,6,VID_20220217_101324_mod4.ply,10
47,VID_20220217_124116_mod6.ply,6,VID_20220217_131129_mod4.ply,2
48,VID_20220217_124116_mod6.ply,6,VID_20220217_134059_mod8.ply,4
49,VID_20220217_124116_mod6.ply,6,VID_20220217_154128_mod6.ply,3
50,VID_20220217_124116_mod6.ply,6,VID_20220217_124116_mod4.ply,6
51,VID_20220217_124116_mod6.ply,6,VID_20220217_182816_mod6.ply,0
52,VID_20220217_124116_mod6.ply,6,VID_20220217_143010_mod6.ply,7
53,VID_20220217_124116_mod6.ply,6,VID_20220217_165020_mod6.ply,9
54,VID_20220217_124116_mod6.ply,6,VID_20220217_154128_mod8.ply,3
55,VID_20220217_124116_mod6.ply,6,VID_20220217_154128_mod4.ply,3
56,VID_20220217_124116_mod6.ply,6,VID_20220217_181455_mod6.ply,1
57,VID_20220217_124116_mod6.ply,6,VID_20220217_143010_mod4.ply,7
58,VID_20220217_124116_mod6.ply,6,VID_20220217_153655_mod8.ply,5
59,VID_20220217_124116_mod6.ply,6,VID_20220217_181455_mod8.ply,1
60,VID_20220217_124116_mod6.ply,6,VID_20220217_175741_mod4.ply,8
61,VID_20220217_124116_mod6.ply,6,VID_20220217_165020_mod8.ply,9
62,VID_20220217_124116_mod6.ply,6,VID_20220217_131129_mod6.ply,2
63,VID_20220217_124116_mod6.ply,6,VID_20220217_165020_mod4.ply,9
64,VID_20220217_124116_mod6.ply,6,VID_20220217_153655_mod4.ply,5
65,VID_20220217_124116_mod6.ply,6,VID_20220217_181455_mod4.ply,1
66,VID_20220217_143010_mod8.ply,7,VID_20220217_134059_mod6.ply,4
67,VID_20220217_143010_mod8.ply,7,VID_20220217_124116_mod6.ply,6
68,VID_20220217_143010_mod8.ply,7,VID_20220217_143010_mod8.ply,7
69,VID_20220217_143010_mod8.ply,7,VID_20220217_101324_mod8.ply,10
70,VID_20220217_143010_mod8.ply,7,VID_20220217_131129_mod8.ply,2
71,VID_20220217_143010_mod8.ply,7,VID_20220217_175741_mod8.ply,8
72,VID_20220217_143010_mod8.ply,7,VID_20220217_124116_mod8.ply,6
73,VID_20220217_143010_mod8.ply,7,VID_20220217_182816_mod4.ply,0
74,VID_20220217_143010_mod8.ply,7,VID_20220217_182816_mod8.ply,0
75,VID_20220217_143010_mod8.ply,7,VID_20220217_101324_mod6.ply,10
76,VID_20220217_143010_mod8.ply,7,VID_20220217_175741_mod6.ply,8
77,VID_20220217_143010_mod8.ply,7,VID_20220217_153655_mod6.ply,5
78,VID_20220217_143010_mod8.ply,7,VID_20220217_134059_mod4.ply,4
79,VID_20220217_143010_mod8.ply,7,VID_20220217_101324_mod4.ply,10
80,VID_20220217_143010_mod8.ply,7,VID_20220217_131129_mod4.ply,2
81,VID_20220217_143010_mod8.ply,7,VID_20220217_134059_mod8.ply,4
82,VID_20220217_143010_mod8.ply,7,VID_20220217_154128_mod6.ply,3
83,VID_20220217_143010_mod8.ply,7,VID_20220217_124116_mod4.ply,6
84,VID_20220217_143010_mod8.ply,7,VID_20220217_182816_mod6.ply,0
85,VID_20220217_143010_mod8.ply,7,VID_20220217_143010_mod6.ply,7
86,VID_20220217_143010_mod8.ply,7,VID_20220217_165020_mod6.ply,9
87,VID_20220217_143010_mod8.ply,7,VID_20220217_154128_mod8.ply,3
88,VID_20220217_143010_mod8.ply,7,VID_20220217_154128_mod4.ply,3
89,VID_20220217_143010_mod8.ply,7,VID_20220217_181455_mod6.ply,1
90,VID_20220217_143010_mod8.ply,7,VID_20220217_143010_mod4.ply,7
91,VID_20220217_143010_mod8.ply,7,VID_20220217_153655_mod8.ply,5
92,VID_20220217_143010_mod8.ply,7,VID_20220217_181455_mod8.ply,1
93,VID_20220217_143010_mod8.ply,7,VID_20220217_175741_mod4.ply,8
94,VID_20220217_143010_mod8.ply,7,VID_20220217_165020_mod8.ply,9
95,VID_20220217_143010_mod8.ply,7,VID_20220217_131129_mod6.ply,2
96,VID_20220217_143010_mod8.ply,7,VID_20220217_165020_mod4.ply,9
97,VID_20220217_143010_mod8.ply,7,VID_20220217_153655_mod4.ply,5
98,VID_20220217_143010_mod8.ply,7,VID_20220217_181455_mod4.ply,1
99,VID_20220217_101324_mod8.ply,10,VID_20220217_134059_mod6.ply,4
100,VID_20220217_101324_mod8.ply,10,VID_20220217_124116_mod6.ply,6
101,VID_20220217_101324_mod8.ply,10,VID_20220217_143010_mod8.ply,7
102,VID_20220217_101324_mod8.ply,10,VID_20220217_101324_mod8.ply,10
103,VID_20220217_101324_mod8.ply,10,VID_20220217_131129_mod8.ply,2
104,VID_20220217_101324_mod8.ply,10,VID_20220217_175741_mod8.ply,8
105,VID_20220217_101324_mod8.ply,10,VID_20220217_124116_mod8.ply,6
106,VID_20220217_101324_mod8.ply,10,VID_20220217_182816_mod4.ply,0
107,VID_20220217_101324_mod8.ply,10,VID_20220217_182816_mod8.ply,0
108,VID_20220217_101324_mod8.ply,10,VID_20220217_101324_mod6.ply,10
109,VID_20220217_101324_mod8.ply,10,VID_20220217_175741_mod6.ply,8
110,VID_20220217_101324_mod8.ply,10,VID_20220217_153655_mod6.ply,5
111,VID_20220217_101324_mod8.ply,10,VID_20220217_134059_mod4.ply,4
112,VID_20220217_101324_mod8.ply,10,VID_20220217_101324_mod4.ply,10
113,VID_20220217_101324_mod8.ply,10,VID_20220217_131129_mod4.ply,2
114,VID_20220217_101324_mod8.ply,10,VID_20220217_134059_mod8.ply,4
115,VID_20220217_101324_mod8.ply,10,VID_20220217_154128_mod6.ply,3
116,VID_20220217_101324_mod8.ply,10,VID_20220217_124116_mod4.ply,6
117,VID_20220217_101324_mod8.ply,10,VID_20220217_182816_mod6.ply,0
118,VID_20220217_101324_mod8.ply,10,VID_20220217_143010_mod6.ply,7
119,VID_20220217_101324_mod8.ply,10,VID_20220217_165020_mod6.ply,9
120,VID_20220217_101324_mod8.ply,10,VID_20220217_154128_mod8.ply,3
121,VID_20220217_101324_mod8.ply,10,VID_20220217_154128_mod4.ply,3
122,VID_20220217_101324_mod8.ply,10,VID_20220217_181455_mod6.ply,1
123,VID_20220217_101324_mod8.ply,10,VID_20220217_143010_mod4.ply,7
124,VID_20220217_101324_mod8.ply,10,VID_20220217_153655_mod8.ply,5
125,VID_20220217_101324_mod8.ply,10,VID_20220217_181455_mod8.ply,1
126,VID_20220217_101324_mod8.ply,10,VID_20220217_175741_mod4.ply,8
127,VID_20220217_101324_mod8.ply,10,VID_20220217_165020_mod8.ply,9
128,VID_20220217_101324_mod8.ply,10,VID_20220217_131129_mod6.ply,2
129,VID_20220217_101324_mod8.ply,10,VID_20220217_165020_mod4.ply,9
130,VID_20220217_101324_mod8.ply,10,VID_20220217_153655_mod4.ply,5
131,VID_20220217_101324_mod8.ply,10,VID_20220217_181455_mod4.ply,1
132,VID_20220217_131129_mod8.ply,2,VID_20220217_134059_mod6.ply,4
133,VID_20220217_131129_mod8.ply,2,VID_20220217_124116_mod6.ply,6
134,VID_20220217_131129_mod8.ply,2,VID_20220217_143010_mod8.ply,7
135,VID_20220217_131129_mod8.ply,2,VID_20220217_101324_mod8.ply,10
136,VID_20220217_131129_mod8.ply,2,VID_20220217_131129_mod8.ply,2
137,VID_20220217_131129_mod8.ply,2,VID_20220217_175741_mod8.ply,8
138,VID_20220217_131129_mod8.ply,2,VID_20220217_124116_mod8.ply,6
139,VID_20220217_131129_mod8.ply,2,VID_20220217_182816_mod4.ply,0
140,VID_20220217_131129_mod8.ply,2,VID_20220217_182816_mod8.ply,0
141,VID_20220217_131129_mod8.ply,2,VID_20220217_101324_mod6.ply,10
142,VID_20220217_131129_mod8.ply,2,VID_20220217_175741_mod6.ply,8
143,VID_20220217_131129_mod8.ply,2,VID_20220217_153655_mod6.ply,5
144,VID_20220217_131129_mod8.ply,2,VID_20220217_134059_mod4.ply,4
145,VID_20220217_131129_mod8.ply,2,VID_20220217_101324_mod4.ply,10
146,VID_20220217_131129_mod8.ply,2,VID_20220217_131129_mod4.ply,2
147,VID_20220217_131129_mod8.ply,2,VID_20220217_134059_mod8.ply,4
148,VID_20220217_131129_mod8.ply,2,VID_20220217_154128_mod6.ply,3
149,VID_20220217_131129_mod8.ply,2,VID_20220217_124116_mod4.ply,6
150,VID_20220217_131129_mod8.ply,2,VID_20220217_182816_mod6.ply,0
151,VID_20220217_131129_mod8.ply,2,VID_20220217_143010_mod6.ply,7
152,VID_20220217_131129_mod8.ply,2,VID_20220217_165020_mod6.ply,9
153,VID_20220217_131129_mod8.ply,2,VID_20220217_154128_mod8.ply,3
154,VID_20220217_131129_mod8.ply,2,VID_20220217_154128_mod4.ply,3
155,VID_20220217_131129_mod8.ply,2,VID_20220217_181455_mod6.ply,1
156,VID_20220217_131129_mod8.ply,2,VID_20220217_143010_mod4.ply,7
157,VID_20220217_131129_mod8.ply,2,VID_20220217_153655_mod8.ply,5
158,VID_20220217_131129_mod8.ply,2,VID_20220217_181455_mod8.ply,1
159,VID_20220217_131129_mod8.ply,2,VID_20220217_175741_mod4.ply,8
160,VID_20220217_131129_mod8.ply,2,VID_20220217_165020_mod8.ply,9
161,VID_20220217_131129_mod8.ply,2,VID_20220217_131129_mod6.ply,2
162,VID_20220217_131129_mod8.ply,2,VID_20220217_165020_mod4.ply,9
163,VID_20220217_131129_mod8.ply,2,VID_20220217_153655_mod4.ply,5
164,VID_20220217_131129_mod8.ply,2,VID_20220217_181455_mod4.ply,1
165,VID_20220217_175741_mod8.ply,8,VID_20220217_134059_mod6.ply,4
166,VID_20220217_175741_mod8.ply,8,VID_20220217_124116_mod6.ply,6
167,VID_20220217_175741_mod8.ply,8,VID_20220217_143010_mod8.ply,7
168,VID_20220217_175741_mod8.ply,8,VID_20220217_101324_mod8.ply,10
169,VID_20220217_175741_mod8.ply,8,VID_20220217_131129_mod8.ply,2
170,VID_20220217_175741_mod8.ply,8,VID_20220217_175741_mod8.ply,8
171,VID_20220217_175741_mod8.ply,8,VID_20220217_124116_mod8.ply,6
172,VID_20220217_175741_mod8.ply,8,VID_20220217_182816_mod4.ply,0
173,VID_20220217_175741_mod8.ply,8,VID_20220217_182816_mod8.ply,0
174,VID_20220217_175741_mod8.ply,8,VID_20220217_101324_mod6.ply,10
175,VID_20220217_175741_mod8.ply,8,VID_20220217_175741_mod6.ply,8
176,VID_20220217_175741_mod8.ply,8,VID_20220217_153655_mod6.ply,5
177,VID_20220217_175741_mod8.ply,8,VID_20220217_134059_mod4.ply,4
178,VID_20220217_175741_mod8.ply,8,VID_20220217_101324_mod4.ply,10
179,VID_20220217_175741_mod8.ply,8,VID_20220217_131129_mod4.ply,2
180,VID_20220217_175741_mod8.ply,8,VID_20220217_134059_mod8.ply,4
181,VID_20220217_175741_mod8.ply,8,VID_20220217_154128_mod6.ply,3
182,VID_20220217_175741_mod8.ply,8,VID_20220217_124116_mod4.ply,6
183,VID_20220217_175741_mod8.ply,8,VID_20220217_182816_mod6.ply,0
184,VID_20220217_175741_mod8.ply,8,VID_20220217_143010_mod6.ply,7
185,VID_20220217_175741_mod8.ply,8,VID_20220217_165020_mod6.ply,9
186,VID_20220217_175741_mod8.ply,8,VID_20220217_154128_mod8.ply,3
187,VID_20220217_175741_mod8.ply,8,VID_20220217_154128_mod4.ply,3
188,VID_20220217_175741_mod8.ply,8,VID_20220217_181455_mod6.ply,1
189,VID_20220217_175741_mod8.ply,8,VID_20220217_143010_mod4.ply,7
190,VID_20220217_175741_mod8.ply,8,VID_20220217_153655_mod8.ply,5
191,VID_20220217_175741_mod8.ply,8,VID_20220217_181455_mod8.ply,1
192,VID_20220217_175741_mod8.ply,8,VID_20220217_175741_mod4.ply,8
193,VID_20220217_175741_mod8.ply,8,VID_20220217_165020_mod8.ply,9
194,VID_20220217_175741_mod8.ply,8,VID_20220217_131129_mod6.ply,2
195,VID_20220217_175741_mod8.ply,8,VID_20220217_165020_mod4.ply,9
196,VID_20220217_175741_mod8.ply,8,VID_20220217_153655_mod4.ply,5
197,VID_20220217_175741_mod8.ply,8,VID_20220217_181455_mod4.ply,1
198,VID_20220217_124116_mod8.ply,6,VID_20220217_134059_mod6.ply,4
199,VID_20220217_124116_mod8.ply,6,VID_20220217_124116_mod6.ply,6
200,VID_20220217_124116_mod8.ply,6,VID_20220217_143010_mod8.ply,7
201,VID_20220217_124116_mod8.ply,6,VID_20220217_101324_mod8.ply,10
202,VID_20220217_124116_mod8.ply,6,VID_20220217_131129_mod8.ply,2
203,VID_20220217_124116_mod8.ply,6,VID_20220217_175741_mod8.ply,8
204,VID_20220217_124116_mod8.ply,6,VID_20220217_124116_mod8.ply,6
205,VID_20220217_124116_mod8.ply,6,VID_20220217_182816_mod4.ply,0
206,VID_20220217_124116_mod8.ply,6,VID_20220217_182816_mod8.ply,0
207,VID_20220217_124116_mod8.ply,6,VID_20220217_101324_mod6.ply,10
208,VID_20220217_124116_mod8.ply,6,VID_20220217_175741_mod6.ply,8
209,VID_20220217_124116_mod8.ply,6,VID_20220217_153655_mod6.ply,5
210,VID_20220217_124116_mod8.ply,6,VID_20220217_134059_mod4.ply,4
211,VID_20220217_124116_mod8.ply,6,VID_20220217_101324_mod4.ply,10
212,VID_20220217_124116_mod8.ply,6,VID_20220217_131129_mod4.ply,2
213,VID_20220217_124116_mod8.ply,6,VID_20220217_134059_mod8.ply,4
214,VID_20220217_124116_mod8.ply,6,VID_20220217_154128_mod6.ply,3
215,VID_20220217_124116_mod8.ply,6,VID_20220217_124116_mod4.ply,6
216,VID_20220217_124116_mod8.ply,6,VID_20220217_182816_mod6.ply,0
217,VID_20220217_124116_mod8.ply,6,VID_20220217_143010_mod6.ply,7
218,VID_20220217_124116_mod8.ply,6,VID_20220217_165020_mod6.ply,9
219,VID_20220217_124116_mod8.ply,6,VID_20220217_154128_mod8.ply,3
220,VID_20220217_124116_mod8.ply,6,VID_20220217_154128_mod4.ply,3
221,VID_20220217_124116_mod8.ply,6,VID_20220217_181455_mod6.ply,1
222,VID_20220217_124116_mod8.ply,6,VID_20220217_143010_mod4.ply,7
223,VID_20220217_124116_mod8.ply,6,VID_20220217_153655_mod8.ply,5
224,VID_20220217_124116_mod8.ply,6,VID_20220217_181455_mod8.ply,1
225,VID_20220217_124116_mod8.ply,6,VID_20220217_175741_mod4.ply,8
226,VID_20220217_124116_mod8.ply,6,VID_20220217_165020_mod8.ply,9
227,VID_20220217_124116_mod8.ply,6,VID_20220217_131129_mod6.ply,2
228,VID_20220217_124116_mod8.ply,6,VID_20220217_165020_mod4.ply,9
229,VID_20220217_124116_mod8.ply,6,VID_20220217_153655_mod4.ply,5
230,VID_20220217_124116_mod8.ply,6,VID_20220217_181455_mod4.ply,1
231,VID_20220217_182816_mod4.ply,0,VID_20220217_134059_mod6.ply,4
232,VID_20220217_182816_mod4.ply,0,VID_20220217_124116_mod6.ply,6
233,VID_20220217_182816_mod4.ply,0,VID_20220217_143010_mod8.ply,7
234,VID_20220217_182816_mod4.ply,0,VID_20220217_101324_mod8.ply,10
235,VID_20220217_182816_mod4.ply,0,VID_20220217_131129_mod8.ply,2
236,VID_20220217_182816_mod4.ply,0,VID_20220217_175741_mod8.ply,8
237,VID_20220217_182816_mod4.ply,0,VID_20220217_124116_mod8.ply,6
238,VID_20220217_182816_mod4.ply,0,VID_20220217_182816_mod4.ply,0
239,VID_20220217_182816_mod4.ply,0,VID_20220217_182816_mod8.ply,0
240,VID_20220217_182816_mod4.ply,0,VID_20220217_101324_mod6.ply,10
241,VID_20220217_182816_mod4.ply,0,VID_20220217_175741_mod6.ply,8
242,VID_20220217_182816_mod4.ply,0,VID_20220217_153655_mod6.ply,5
243,VID_20220217_182816_mod4.ply,0,VID_20220217_134059_mod4.ply,4
244,VID_20220217_182816_mod4.ply,0,VID_20220217_101324_mod4.ply,10
245,VID_20220217_182816_mod4.ply,0,VID_20220217_131129_mod4.ply,2
246,VID_20220217_182816_mod4.ply,0,VID_20220217_134059_mod8.ply,4
247,VID_20220217_182816_mod4.ply,0,VID_20220217_154128_mod6.ply,3
248,VID_20220217_182816_mod4.ply,0,VID_20220217_124116_mod4.ply,6
249,VID_20220217_182816_mod4.ply,0,VID_20220217_182816_mod6.ply,0
250,VID_20220217_182816_mod4.ply,0,VID_20220217_143010_mod6.ply,7
251,VID_20220217_182816_mod4.ply,0,VID_20220217_165020_mod6.ply,9
252,VID_20220217_182816_mod4.ply,0,VID_20220217_154128_mod8.ply,3
253,VID_20220217_182816_mod4.ply,0,VID_20220217_154128_mod4.ply,3
254,VID_20220217_182816_mod4.ply,0,VID_20220217_181455_mod6.ply,1
255,VID_20220217_182816_mod4.ply,0,VID_20220217_143010_mod4.ply,7
256,VID_20220217_182816_mod4.ply,0,VID_20220217_153655_mod8.ply,5
257,VID_20220217_182816_mod4.ply,0,VID_20220217_181455_mod8.ply,1
258,VID_20220217_182816_mod4.ply,0,VID_20220217_175741_mod4.ply,8
259,VID_20220217_182816_mod4.ply,0,VID_20220217_165020_mod8.ply,9
260,VID_20220217_182816_mod4.ply,0,VID_20220217_131129_mod6.ply,2
261,VID_20220217_182816_mod4.ply,0,VID_20220217_165020_mod4.ply,9
262,VID_20220217_182816_mod4.ply,0,VID_20220217_153655_mod4.ply,5
263,VID_20220217_182816_mod4.ply,0,VID_20220217_181455_mod4.ply,1
264,VID_20220217_182816_mod8.ply,0,VID_20220217_134059_mod6.ply,4
265,VID_20220217_182816_mod8.ply,0,VID_20220217_124116_mod6.ply,6
266,VID_20220217_182816_mod8.ply,0,VID_20220217_143010_mod8.ply,7
267,VID_20220217_182816_mod8.ply,0,VID_20220217_101324_mod8.ply,10
268,VID_20220217_182816_mod8.ply,0,VID_20220217_131129_mod8.ply,2
269,VID_20220217_182816_mod8.ply,0,VID_20220217_175741_mod8.ply,8
270,VID_20220217_182816_mod8.ply,0,VID_20220217_124116_mod8.ply,6
271,VID_20220217_182816_mod8.ply,0,VID_20220217_182816_mod4.ply,0
272,VID_20220217_182816_mod8.ply,0,VID_20220217_182816_mod8.ply,0
273,VID_20220217_182816_mod8.ply,0,VID_20220217_101324_mod6.ply,10
274,VID_20220217_182816_mod8.ply,0,VID_20220217_175741_mod6.ply,8
275,VID_20220217_182816_mod8.ply,0,VID_20220217_153655_mod6.ply,5
276,VID_20220217_182816_mod8.ply,0,VID_20220217_134059_mod4.ply,4
277,VID_20220217_182816_mod8.ply,0,VID_20220217_101324_mod4.ply,10
278,VID_20220217_182816_mod8.ply,0,VID_20220217_131129_mod4.ply,2
279,VID_20220217_182816_mod8.ply,0,VID_20220217_134059_mod8.ply,4
280,VID_20220217_182816_mod8.ply,0,VID_20220217_154128_mod6.ply,3
281,VID_20220217_182816_mod8.ply,0,VID_20220217_124116_mod4.ply,6
282,VID_20220217_182816_mod8.ply,0,VID_20220217_182816_mod6.ply,0
283,VID_20220217_182816_mod8.ply,0,VID_20220217_143010_mod6.ply,7
284,VID_20220217_182816_mod8.ply,0,VID_20220217_165020_mod6.ply,9
285,VID_20220217_182816_mod8.ply,0,VID_20220217_154128_mod8.ply,3
286,VID_20220217_182816_mod8.ply,0,VID_20220217_154128_mod4.ply,3
287,VID_20220217_182816_mod8.ply,0,VID_20220217_181455_mod6.ply,1
288,VID_20220217_182816_mod8.ply,0,VID_20220217_143010_mod4.ply,7
289,VID_20220217_182816_mod8.ply,0,VID_20220217_153655_mod8.ply,5
290,VID_20220217_182816_mod8.ply,0,VID_20220217_181455_mod8.ply,1
291,VID_20220217_182816_mod8.ply,0,VID_20220217_175741_mod4.ply,8
292,VID_20220217_182816_mod8.ply,0,VID_20220217_165020_mod8.ply,9
293,VID_20220217_182816_mod8.ply,0,VID_20220217_131129_mod6.ply,2
294,VID_20220217_182816_mod8.ply,0,VID_20220217_165020_mod4.ply,9
295,VID_20220217_182816_mod8.ply,0,VID_20220217_153655_mod4.ply,5
296,VID_20220217_182816_mod8.ply,0,VID_20220217_181455_mod4.ply,1
297,VID_20220217_101324_mod6.ply,10,VID_20220217_134059_mod6.ply,4
298,VID_20220217_101324_mod6.ply,10,VID_20220217_124116_mod6.ply,6
299,VID_20220217_101324_mod6.ply,10,VID_20220217_143010_mod8.ply,7
300,VID_20220217_101324_mod6.ply,10,VID_20220217_101324_mod8.ply,10
301,VID_20220217_101324_mod6.ply,10,VID_20220217_131129_mod8.ply,2
302,VID_20220217_101324_mod6.ply,10,VID_20220217_175741_mod8.ply,8
303,VID_20220217_101324_mod6.ply,10,VID_20220217_124116_mod8.ply,6
304,VID_20220217_101324_mod6.ply,10,VID_20220217_182816_mod4.ply,0
305,VID_20220217_101324_mod6.ply,10,VID_20220217_182816_mod8.ply,0
306,VID_20220217_101324_mod6.ply,10,VID_20220217_101324_mod6.ply,10
307,VID_20220217_101324_mod6.ply,10,VID_20220217_175741_mod6.ply,8
308,VID_20220217_101324_mod6.ply,10,VID_20220217_153655_mod6.ply,5
309,VID_20220217_101324_mod6.ply,10,VID_20220217_134059_mod4.ply,4
310,VID_20220217_101324_mod6.ply,10,VID_20220217_101324_mod4.ply,10
311,VID_20220217_101324_mod6.ply,10,VID_20220217_131129_mod4.ply,2
312,VID_20220217_101324_mod6.ply,10,VID_20220217_134059_mod8.ply,4
313,VID_20220217_101324_mod6.ply,10,VID_20220217_154128_mod6.ply,3
314,VID_20220217_101324_mod6.ply,10,VID_20220217_124116_mod4.ply,6
315,VID_20220217_101324_mod6.ply,10,VID_20220217_182816_mod6.ply,0
316,VID_20220217_101324_mod6.ply,10,VID_20220217_143010_mod6.ply,7
317,VID_20220217_101324_mod6.ply,10,VID_20220217_165020_mod6.ply,9
318,VID_20220217_101324_mod6.ply,10,VID_20220217_154128_mod8.ply,3
319,VID_20220217_101324_mod6.ply,10,VID_20220217_154128_mod4.ply,3
320,VID_20220217_101324_mod6.ply,10,VID_20220217_181455_mod6.ply,1
321,VID_20220217_101324_mod6.ply,10,VID_20220217_143010_mod4.ply,7
322,VID_20220217_101324_mod6.ply,10,VID_20220217_153655_mod8.ply,5
323,VID_20220217_101324_mod6.ply,10,VID_20220217_181455_mod8.ply,1
324,VID_20220217_101324_mod6.ply,10,VID_20220217_175741_mod4.ply,8
325,VID_20220217_101324_mod6.ply,10,VID_20220217_165020_mod8.ply,9
326,VID_20220217_101324_mod6.ply,10,VID_20220217_131129_mod6.ply,2
327,VID_20220217_101324_mod6.ply,10,VID_20220217_165020_mod4.ply,9
328,VID_20220217_101324_mod6.ply,10,VID_20220217_153655_mod4.ply,5
329,VID_20220217_101324_mod6.ply,10,VID_20220217_181455_mod4.ply,1
330,VID_20220217_175741_mod6.ply,8,VID_20220217_134059_mod6.ply,4
331,VID_20220217_175741_mod6.ply,8,VID_20220217_124116_mod6.ply,6
332,VID_20220217_175741_mod6.ply,8,VID_20220217_143010_mod8.ply,7
333,VID_20220217_175741_mod6.ply,8,VID_20220217_101324_mod8.ply,10
334,VID_20220217_175741_mod6.ply,8,VID_20220217_131129_mod8.ply,2
335,VID_20220217_175741_mod6.ply,8,VID_20220217_175741_mod8.ply,8
336,VID_20220217_175741_mod6.ply,8,VID_20220217_124116_mod8.ply,6
337,VID_20220217_175741_mod6.ply,8,VID_20220217_182816_mod4.ply,0
338,VID_20220217_175741_mod6.ply,8,VID_20220217_182816_mod8.ply,0
339,VID_20220217_175741_mod6.ply,8,VID_20220217_101324_mod6.ply,10
340,VID_20220217_175741_mod6.ply,8,VID_20220217_175741_mod6.ply,8
341,VID_20220217_175741_mod6.ply,8,VID_20220217_153655_mod6.ply,5
342,VID_20220217_175741_mod6.ply,8,VID_20220217_134059_mod4.ply,4
343,VID_20220217_175741_mod6.ply,8,VID_20220217_101324_mod4.ply,10
344,VID_20220217_175741_mod6.ply,8,VID_20220217_131129_mod4.ply,2
345,VID_20220217_175741_mod6.ply,8,VID_20220217_134059_mod8.ply,4
346,VID_20220217_175741_mod6.ply,8,VID_20220217_154128_mod6.ply,3
347,VID_20220217_175741_mod6.ply,8,VID_20220217_124116_mod4.ply,6
348,VID_20220217_175741_mod6.ply,8,VID_20220217_182816_mod6.ply,0
349,VID_20220217_175741_mod6.ply,8,VID_20220217_143010_mod6.ply,7
350,VID_20220217_175741_mod6.ply,8,VID_20220217_165020_mod6.ply,9
351,VID_20220217_175741_mod6.ply,8,VID_20220217_154128_mod8.ply,3
352,VID_20220217_175741_mod6.ply,8,VID_20220217_154128_mod4.ply,3
353,VID_20220217_175741_mod6.ply,8,VID_20220217_181455_mod6.ply,1
354,VID_20220217_175741_mod6.ply,8,VID_20220217_143010_mod4.ply,7
355,VID_20220217_175741_mod6.ply,8,VID_20220217_153655_mod8.ply,5
356,VID_20220217_175741_mod6.ply,8,VID_20220217_181455_mod8.ply,1
357,VID_20220217_175741_mod6.ply,8,VID_20220217_175741_mod4.ply,8
358,VID_20220217_175741_mod6.ply,8,VID_20220217_165020_mod8.ply,9
359,VID_20220217_175741_mod6.ply,8,VID_20220217_131129_mod6.ply,2
360,VID_20220217_175741_mod6.ply,8,VID_20220217_165020_mod4.ply,9
361,VID_20220217_175741_mod6.ply,8,VID_20220217_153655_mod4.ply,5
362,VID_20220217_175741_mod6.ply,8,VID_20220217_181455_mod4.ply,1
363,VID_20220217_153655_mod6.ply,5,VID_20220217_134059_mod6.ply,4
364,VID_20220217_153655_mod6.ply,5,VID_20220217_124116_mod6.ply,6
365,VID_20220217_153655_mod6.ply,5,VID_20220217_143010_mod8.ply,7
366,VID_20220217_153655_mod6.ply,5,VID_20220217_101324_mod8.ply,10
367,VID_20220217_153655_mod6.ply,5,VID_20220217_131129_mod8.ply,2
368,VID_20220217_153655_mod6.ply,5,VID_20220217_175741_mod8.ply,8
369,VID_20220217_153655_mod6.ply,5,VID_20220217_124116_mod8.ply,6
370,VID_20220217_153655_mod6.ply,5,VID_20220217_182816_mod4.ply,0
371,VID_20220217_153655_mod6.ply,5,VID_20220217_182816_mod8.ply,0
372,VID_20220217_153655_mod6.ply,5,VID_20220217_101324_mod6.ply,10
373,VID_20220217_153655_mod6.ply,5,VID_20220217_175741_mod6.ply,8
374,VID_20220217_153655_mod6.ply,5,VID_20220217_153655_mod6.ply,5
375,VID_20220217_153655_mod6.ply,5,VID_20220217_134059_mod4.ply,4
376,VID_20220217_153655_mod6.ply,5,VID_20220217_101324_mod4.ply,10
377,VID_20220217_153655_mod6.ply,5,VID_20220217_131129_mod4.ply,2
378,VID_20220217_153655_mod6.ply,5,VID_20220217_134059_mod8.ply,4
379,VID_20220217_153655_mod6.ply,5,VID_20220217_154128_mod6.ply,3
380,VID_20220217_153655_mod6.ply,5,VID_20220217_124116_mod4.ply,6
381,VID_20220217_153655_mod6.ply,5,VID_20220217_182816_mod6.ply,0
382,VID_20220217_153655_mod6.ply,5,VID_20220217_143010_mod6.ply,7
383,VID_20220217_153655_mod6.ply,5,VID_20220217_165020_mod6.ply,9
384,VID_20220217_153655_mod6.ply,5,VID_20220217_154128_mod8.ply,3
385,VID_20220217_153655_mod6.ply,5,VID_20220217_154128_mod4.ply,3
386,VID_20220217_153655_mod6.ply,5,VID_20220217_181455_mod6.ply,1
387,VID_20220217_153655_mod6.ply,5,VID_20220217_143010_mod4.ply,7
388,VID_20220217_153655_mod6.ply,5,VID_20220217_153655_mod8.ply,5
389,VID_20220217_153655_mod6.ply,5,VID_20220217_181455_mod8.ply,1
390,VID_20220217_153655_mod6.ply,5,VID_20220217_175741_mod4.ply,8
391,VID_20220217_153655_mod6.ply,5,VID_20220217_165020_mod8.ply,9
392,VID_20220217_153655_mod6.ply,5,VID_20220217_131129_mod6.ply,2
393,VID_20220217_153655_mod6.ply,5,VID_20220217_165020_mod4.ply,9
394,VID_20220217_153655_mod6.ply,5,VID_20220217_153655_mod4.ply,5
395,VID_20220217_153655_mod6.ply,5,VID_20220217_181455_mod4.ply,1
396,VID_20220217_134059_mod4.ply,4,VID_20220217_134059_mod6.ply,4
397,VID_20220217_134059_mod4.ply,4,VID_20220217_124116_mod6.ply,6
398,VID_20220217_134059_mod4.ply,4,VID_20220217_143010_mod8.ply,7
399,VID_20220217_134059_mod4.ply,4,VID_20220217_101324_mod8.ply,10
400,VID_20220217_134059_mod4.ply,4,VID_20220217_131129_mod8.ply,2
401,VID_20220217_134059_mod4.ply,4,VID_20220217_175741_mod8.ply,8
402,VID_20220217_134059_mod4.ply,4,VID_20220217_124116_mod8.ply,6
403,VID_20220217_134059_mod4.ply,4,VID_20220217_182816_mod4.ply,0
404,VID_20220217_134059_mod4.ply,4,VID_20220217_182816_mod8.ply,0
405,VID_20220217_134059_mod4.ply,4,VID_20220217_101324_mod6.ply,10
406,VID_20220217_134059_mod4.ply,4,VID_20220217_175741_mod6.ply,8
407,VID_20220217_134059_mod4.ply,4,VID_20220217_153655_mod6.ply,5
408,VID_20220217_134059_mod4.ply,4,VID_20220217_134059_mod4.ply,4
409,VID_20220217_134059_mod4.ply,4,VID_20220217_101324_mod4.ply,10
410,VID_20220217_134059_mod4.ply,4,VID_20220217_131129_mod4.ply,2
411,VID_20220217_134059_mod4.ply,4,VID_20220217_134059_mod8.ply,4
412,VID_20220217_134059_mod4.ply,4,VID_20220217_154128_mod6.ply,3
413,VID_20220217_134059_mod4.ply,4,VID_20220217_124116_mod4.ply,6
414,VID_20220217_134059_mod4.ply,4,VID_20220217_182816_mod6.ply,0
415,VID_20220217_134059_mod4.ply,4,VID_20220217_143010_mod6.ply,7
416,VID_20220217_134059_mod4.ply,4,VID_20220217_165020_mod6.ply,9
417,VID_20220217_134059_mod4.ply,4,VID_20220217_154128_mod8.ply,3
418,VID_20220217_134059_mod4.ply,4,VID_20220217_154128_mod4.ply,3
419,VID_20220217_134059_mod4.ply,4,VID_20220217_181455_mod6.ply,1
420,VID_20220217_134059_mod4.ply,4,VID_20220217_143010_mod4.ply,7
421,VID_20220217_134059_mod4.ply,4,VID_20220217_153655_mod8.ply,5
422,VID_20220217_134059_mod4.ply,4,VID_20220217_181455_mod8.ply,1
423,VID_20220217_134059_mod4.ply,4,VID_20220217_175741_mod4.ply,8
424,VID_20220217_134059_mod4.ply,4,VID_20220217_165020_mod8.ply,9
425,VID_20220217_134059_mod4.ply,4,VID_20220217_131129_mod6.ply,2
426,VID_20220217_134059_mod4.ply,4,VID_20220217_165020_mod4.ply,9
427,VID_20220217_134059_mod4.ply,4,VID_20220217_153655_mod4.ply,5
428,VID_20220217_134059_mod4.ply,4,VID_20220217_181455_mod4.ply,1
429,VID_20220217_101324_mod4.ply,10,VID_20220217_134059_mod6.ply,4
430,VID_20220217_101324_mod4.ply,10,VID_20220217_124116_mod6.ply,6
431,VID_20220217_101324_mod4.ply,10,VID_20220217_143010_mod8.ply,7
432,VID_20220217_101324_mod4.ply,10,VID_20220217_101324_mod8.ply,10
433,VID_20220217_101324_mod4.ply,10,VID_20220217_131129_mod8.ply,2
434,VID_20220217_101324_mod4.ply,10,VID_20220217_175741_mod8.ply,8
435,VID_20220217_101324_mod4.ply,10,VID_20220217_124116_mod8.ply,6
436,VID_20220217_101324_mod4.ply,10,VID_20220217_182816_mod4.ply,0
437,VID_20220217_101324_mod4.ply,10,VID_20220217_182816_mod8.ply,0
438,VID_20220217_101324_mod4.ply,10,VID_20220217_101324_mod6.ply,10
439,VID_20220217_101324_mod4.ply,10,VID_20220217_175741_mod6.ply,8
440,VID_20220217_101324_mod4.ply,10,VID_20220217_153655_mod6.ply,5
441,VID_20220217_101324_mod4.ply,10,VID_20220217_134059_mod4.ply,4
442,VID_20220217_101324_mod4.ply,10,VID_20220217_101324_mod4.ply,10
443,VID_20220217_101324_mod4.ply,10,VID_20220217_131129_mod4.ply,2
444,VID_20220217_101324_mod4.ply,10,VID_20220217_134059_mod8.ply,4
445,VID_20220217_101324_mod4.ply,10,VID_20220217_154128_mod6.ply,3
446,VID_20220217_101324_mod4.ply,10,VID_20220217_124116_mod4.ply,6
447,VID_20220217_101324_mod4.ply,10,VID_20220217_182816_mod6.ply,0
448,VID_20220217_101324_mod4.ply,10,VID_20220217_143010_mod6.ply,7
449,VID_20220217_101324_mod4.ply,10,VID_20220217_165020_mod6.ply,9
450,VID_20220217_101324_mod4.ply,10,VID_20220217_154128_mod8.ply,3
451,VID_20220217_101324_mod4.ply,10,VID_20220217_154128_mod4.ply,3
452,VID_20220217_101324_mod4.ply,10,VID_20220217_181455_mod6.ply,1
453,VID_20220217_101324_mod4.ply,10,VID_20220217_143010_mod4.ply,7
454,VID_20220217_101324_mod4.ply,10,VID_20220217_153655_mod8.ply,5
455,VID_20220217_101324_mod4.ply,10,VID_20220217_181455_mod8.ply,1
456,VID_20220217_101324_mod4.ply,10,VID_20220217_175741_mod4.ply,8
457,VID_20220217_101324_mod4.ply,10,VID_20220217_165020_mod8.ply,9
458,VID_20220217_101324_mod4.ply,10,VID_20220217_131129_mod6.ply,2
459,VID_20220217_101324_mod4.ply,10,VID_20220217_165020_mod4.ply,9
460,VID_20220217_101324_mod4.ply,10,VID_20220217_153655_mod4.ply,5
461,VID_20220217_101324_mod4.ply,10,VID_20220217_181455_mod4.ply,1
462,VID_20220217_131129_mod4.ply,2,VID_20220217_134059_mod6.ply,4
463,VID_20220217_131129_mod4.ply,2,VID_20220217_124116_mod6.ply,6
464,VID_20220217_131129_mod4.ply,2,VID_20220217_143010_mod8.ply,7
465,VID_20220217_131129_mod4.ply,2,VID_20220217_101324_mod8.ply,10
466,VID_20220217_131129_mod4.ply,2,VID_20220217_131129_mod8.ply,2
467,VID_20220217_131129_mod4.ply,2,VID_20220217_175741_mod8.ply,8
468,VID_20220217_131129_mod4.ply,2,VID_20220217_124116_mod8.ply,6
469,VID_20220217_131129_mod4.ply,2,VID_20220217_182816_mod4.ply,0
470,VID_20220217_131129_mod4.ply,2,VID_20220217_182816_mod8.ply,0
471,VID_20220217_131129_mod4.ply,2,VID_20220217_101324_mod6.ply,10
472,VID_20220217_131129_mod4.ply,2,VID_20220217_175741_mod6.ply,8
473,VID_20220217_131129_mod4.ply,2,VID_20220217_153655_mod6.ply,5
474,VID_20220217_131129_mod4.ply,2,VID_20220217_134059_mod4.ply,4
475,VID_20220217_131129_mod4.ply,2,VID_20220217_101324_mod4.ply,10
476,VID_20220217_131129_mod4.ply,2,VID_20220217_131129_mod4.ply,2
477,VID_20220217_131129_mod4.ply,2,VID_20220217_134059_mod8.ply,4
478,VID_20220217_131129_mod4.ply,2,VID_20220217_154128_mod6.ply,3
479,VID_20220217_131129_mod4.ply,2,VID_20220217_124116_mod4.ply,6
480,VID_20220217_131129_mod4.ply,2,VID_20220217_182816_mod6.ply,0
481,VID_20220217_131129_mod4.ply,2,VID_20220217_143010_mod6.ply,7
482,VID_20220217_131129_mod4.ply,2,VID_20220217_165020_mod6.ply,9
483,VID_20220217_131129_mod4.ply,2,VID_20220217_154128_mod8.ply,3
484,VID_20220217_131129_mod4.ply,2,VID_20220217_154128_mod4.ply,3
485,VID_20220217_131129_mod4.ply,2,VID_20220217_181455_mod6.ply,1
486,VID_20220217_131129_mod4.ply,2,VID_20220217_143010_mod4.ply,7
487,VID_20220217_131129_mod4.ply,2,VID_20220217_153655_mod8.ply,5
488,VID_20220217_131129_mod4.ply,2,VID_20220217_181455_mod8.ply,1
489,VID_20220217_131129_mod4.ply,2,VID_20220217_175741_mod4.ply,8
490,VID_20220217_131129_mod4.ply,2,VID_20220217_165020_mod8.ply,9
491,VID_20220217_131129_mod4.ply,2,VID_20220217_131129_mod6.ply,2
492,VID_20220217_131129_mod4.ply,2,VID_20220217_165020_mod4.ply,9
493,VID_20220217_131129_mod4.ply,2,VID_20220217_153655_mod4.ply,5
494,VID_20220217_131129_mod4.ply,2,VID_20220217_181455_mod4.ply,1
495,VID_20220217_134059_mod8.ply,4,VID_20220217_134059_mod6.ply,4
496,VID_20220217_134059_mod8.ply,4,VID_20220217_124116_mod6.ply,6
497,VID_20220217_134059_mod8.ply,4,VID_20220217_143010_mod8.ply,7
498,VID_20220217_134059_mod8.ply,4,VID_20220217_101324_mod8.ply,10
499,VID_20220217_134059_mod8.ply,4,VID_20220217_131129_mod8.ply,2
500,VID_20220217_134059_mod8.ply,4,VID_20220217_175741_mod8.ply,8
501,VID_20220217_134059_mod8.ply,4,VID_20220217_124116_mod8.ply,6
502,VID_20220217_134059_mod8.ply,4,VID_20220217_182816_mod4.ply,0
503,VID_20220217_134059_mod8.ply,4,VID_20220217_182816_mod8.ply,0
504,VID_20220217_134059_mod8.ply,4,VID_20220217_101324_mod6.ply,10
505,VID_20220217_134059_mod8.ply,4,VID_20220217_175741_mod6.ply,8
506,VID_20220217_134059_mod8.ply,4,VID_20220217_153655_mod6.ply,5
507,VID_20220217_134059_mod8.ply,4,VID_20220217_134059_mod4.ply,4
508,VID_20220217_134059_mod8.ply,4,VID_20220217_101324_mod4.ply,10
509,VID_20220217_134059_mod8.ply,4,VID_20220217_131129_mod4.ply,2
510,VID_20220217_134059_mod8.ply,4,VID_20220217_134059_mod8.ply,4
511,VID_20220217_134059_mod8.ply,4,VID_20220217_154128_mod6.ply,3
512,VID_20220217_134059_mod8.ply,4,VID_20220217_124116_mod4.ply,6
513,VID_20220217_134059_mod8.ply,4,VID_20220217_182816_mod6.ply,0
514,VID_20220217_134059_mod8.ply,4,VID_20220217_143010_mod6.ply,7
515,VID_20220217_134059_mod8.ply,4,VID_20220217_165020_mod6.ply,9
516,VID_20220217_134059_mod8.ply,4,VID_20220217_154128_mod8.ply,3
517,VID_20220217_134059_mod8.ply,4,VID_20220217_154128_mod4.ply,3
518,VID_20220217_134059_mod8.ply,4,VID_20220217_181455_mod6.ply,1
519,VID_20220217_134059_mod8.ply,4,VID_20220217_143010_mod4.ply,7
520,VID_20220217_134059_mod8.ply,4,VID_20220217_153655_mod8.ply,5
521,VID_20220217_134059_mod8.ply,4,VID_20220217_181455_mod8.ply,1
522,VID_20220217_134059_mod8.ply,4,VID_20220217_175741_mod4.ply,8
523,VID_20220217_134059_mod8.ply,4,VID_20220217_165020_mod8.ply,9
524,VID_20220217_134059_mod8.ply,4,VID_20220217_131129_mod6.ply,2
525,VID_20220217_134059_mod8.ply,4,VID_20220217_165020_mod4.ply,9
526,VID_20220217_134059_mod8.ply,4,VID_20220217_153655_mod4.ply,5
527,VID_20220217_134059_mod8.ply,4,VID_20220217_181455_mod4.ply,1
528,VID_20220217_154128_mod6.ply,3,VID_20220217_134059_mod6.ply,4
529,VID_20220217_154128_mod6.ply,3,VID_20220217_124116_mod6.ply,6
530,VID_20220217_154128_mod6.ply,3,VID_20220217_143010_mod8.ply,7
531,VID_20220217_154128_mod6.ply,3,VID_20220217_101324_mod8.ply,10
532,VID_20220217_154128_mod6.ply,3,VID_20220217_131129_mod8.ply,2
533,VID_20220217_154128_mod6.ply,3,VID_20220217_175741_mod8.ply,8
534,VID_20220217_154128_mod6.ply,3,VID_20220217_124116_mod8.ply,6
535,VID_20220217_154128_mod6.ply,3,VID_20220217_182816_mod4.ply,0
536,VID_20220217_154128_mod6.ply,3,VID_20220217_182816_mod8.ply,0
537,VID_20220217_154128_mod6.ply,3,VID_20220217_101324_mod6.ply,10
538,VID_20220217_154128_mod6.ply,3,VID_20220217_175741_mod6.ply,8
539,VID_20220217_154128_mod6.ply,3,VID_20220217_153655_mod6.ply,5
540,VID_20220217_154128_mod6.ply,3,VID_20220217_134059_mod4.ply,4
541,VID_20220217_154128_mod6.ply,3,VID_20220217_101324_mod4.ply,10
542,VID_20220217_154128_mod6.ply,3,VID_20220217_131129_mod4.ply,2
543,VID_20220217_154128_mod6.ply,3,VID_20220217_134059_mod8.ply,4
544,VID_20220217_154128_mod6.ply,3,VID_20220217_154128_mod6.ply,3
545,VID_20220217_154128_mod6.ply,3,VID_20220217_124116_mod4.ply,6
546,VID_20220217_154128_mod6.ply,3,VID_20220217_182816_mod6.ply,0
547,VID_20220217_154128_mod6.ply,3,VID_20220217_143010_mod6.ply,7
548,VID_20220217_154128_mod6.ply,3,VID_20220217_165020_mod6.ply,9
549,VID_20220217_154128_mod6.ply,3,VID_20220217_154128_mod8.ply,3
550,VID_20220217_154128_mod6.ply,3,VID_20220217_154128_mod4.ply,3
551,VID_20220217_154128_mod6.ply,3,VID_20220217_181455_mod6.ply,1
552,VID_20220217_154128_mod6.ply,3,VID_20220217_143010_mod4.ply,7
553,VID_20220217_154128_mod6.ply,3,VID_20220217_153655_mod8.ply,5
554,VID_20220217_154128_mod6.ply,3,VID_20220217_181455_mod8.ply,1
555,VID_20220217_154128_mod6.ply,3,VID_20220217_175741_mod4.ply,8
556,VID_20220217_154128_mod6.ply,3,VID_20220217_165020_mod8.ply,9
557,VID_20220217_154128_mod6.ply,3,VID_20220217_131129_mod6.ply,2
558,VID_20220217_154128_mod6.ply,3,VID_20220217_165020_mod4.ply,9
559,VID_20220217_154128_mod6.ply,3,VID_20220217_153655_mod4.ply,5
560,VID_20220217_154128_mod6.ply,3,VID_20220217_181455_mod4.ply,1
561,VID_20220217_124116_mod4.ply,6,VID_20220217_134059_mod6.ply,4
562,VID_20220217_124116_mod4.ply,6,VID_20220217_124116_mod6.ply,6
563,VID_20220217_124116_mod4.ply,6,VID_20220217_143010_mod8.ply,7
564,VID_20220217_124116_mod4.ply,6,VID_20220217_101324_mod8.ply,10
565,VID_20220217_124116_mod4.ply,6,VID_20220217_131129_mod8.ply,2
566,VID_20220217_124116_mod4.ply,6,VID_20220217_175741_mod8.ply,8
567,VID_20220217_124116_mod4.ply,6,VID_20220217_124116_mod8.ply,6
568,VID_20220217_124116_mod4.ply,6,VID_20220217_182816_mod4.ply,0
569,VID_20220217_124116_mod4.ply,6,VID_20220217_182816_mod8.ply,0
570,VID_20220217_124116_mod4.ply,6,VID_20220217_101324_mod6.ply,10
571,VID_20220217_124116_mod4.ply,6,VID_20220217_175741_mod6.ply,8
572,VID_20220217_124116_mod4.ply,6,VID_20220217_153655_mod6.ply,5
573,VID_20220217_124116_mod4.ply,6,VID_20220217_134059_mod4.ply,4
574,VID_20220217_124116_mod4.ply,6,VID_20220217_101324_mod4.ply,10
575,VID_20220217_124116_mod4.ply,6,VID_20220217_131129_mod4.ply,2
576,VID_20220217_124116_mod4.ply,6,VID_20220217_134059_mod8.ply,4
577,VID_20220217_124116_mod4.ply,6,VID_20220217_154128_mod6.ply,3
578,VID_20220217_124116_mod4.ply,6,VID_20220217_124116_mod4.ply,6
579,VID_20220217_124116_mod4.ply,6,VID_20220217_182816_mod6.ply,0
580,VID_20220217_124116_mod4.ply,6,VID_20220217_143010_mod6.ply,7
581,VID_20220217_124116_mod4.ply,6,VID_20220217_165020_mod6.ply,9
582,VID_20220217_124116_mod4.ply,6,VID_20220217_154128_mod8.ply,3
583,VID_20220217_124116_mod4.ply,6,VID_20220217_154128_mod4.ply,3
584,VID_20220217_124116_mod4.ply,6,VID_20220217_181455_mod6.ply,1
585,VID_20220217_124116_mod4.ply,6,VID_20220217_143010_mod4.ply,7
586,VID_20220217_124116_mod4.ply,6,VID_20220217_153655_mod8.ply,5
587,VID_20220217_124116_mod4.ply,6,VID_20220217_181455_mod8.ply,1
588,VID_20220217_124116_mod4.ply,6,VID_20220217_175741_mod4.ply,8
589,VID_20220217_124116_mod4.ply,6,VID_20220217_165020_mod8.ply,9
590,VID_20220217_124116_mod4.ply,6,VID_20220217_131129_mod6.ply,2
591,VID_20220217_124116_mod4.ply,6,VID_20220217_165020_mod4.ply,9
592,VID_20220217_124116_mod4.ply,6,VID_20220217_153655_mod4.ply,5
593,VID_20220217_124116_mod4.ply,6,VID_20220217_181455_mod4.ply,1
594,VID_20220217_182816_mod6.ply,0,VID_20220217_134059_mod6.ply,4
595,VID_20220217_182816_mod6.ply,0,VID_20220217_124116_mod6.ply,6
596,VID_20220217_182816_mod6.ply,0,VID_20220217_143010_mod8.ply,7
597,VID_20220217_182816_mod6.ply,0,VID_20220217_101324_mod8.ply,10
598,VID_20220217_182816_mod6.ply,0,VID_20220217_131129_mod8.ply,2
599,VID_20220217_182816_mod6.ply,0,VID_20220217_175741_mod8.ply,8
600,VID_20220217_182816_mod6.ply,0,VID_20220217_124116_mod8.ply,6
601,VID_20220217_182816_mod6.ply,0,VID_20220217_182816_mod4.ply,0
602,VID_20220217_182816_mod6.ply,0,VID_20220217_182816_mod8.ply,0
603,VID_20220217_182816_mod6.ply,0,VID_20220217_101324_mod6.ply,10
604,VID_20220217_182816_mod6.ply,0,VID_20220217_175741_mod6.ply,8
605,VID_20220217_182816_mod6.ply,0,VID_20220217_153655_mod6.ply,5
606,VID_20220217_182816_mod6.ply,0,VID_20220217_134059_mod4.ply,4
607,VID_20220217_182816_mod6.ply,0,VID_20220217_101324_mod4.ply,10
608,VID_20220217_182816_mod6.ply,0,VID_20220217_131129_mod4.ply,2
609,VID_20220217_182816_mod6.ply,0,VID_20220217_134059_mod8.ply,4
610,VID_20220217_182816_mod6.ply,0,VID_20220217_154128_mod6.ply,3
611,VID_20220217_182816_mod6.ply,0,VID_20220217_124116_mod4.ply,6
612,VID_20220217_182816_mod6.ply,0,VID_20220217_182816_mod6.ply,0
613,VID_20220217_182816_mod6.ply,0,VID_20220217_143010_mod6.ply,7
614,VID_20220217_182816_mod6.ply,0,VID_20220217_165020_mod6.ply,9
615,VID_20220217_182816_mod6.ply,0,VID_20220217_154128_mod8.ply,3
616,VID_20220217_182816_mod6.ply,0,VID_20220217_154128_mod4.ply,3
617,VID_20220217_182816_mod6.ply,0,VID_20220217_181455_mod6.ply,1
618,VID_20220217_182816_mod6.ply,0,VID_20220217_143010_mod4.ply,7
619,VID_20220217_182816_mod6.ply,0,VID_20220217_153655_mod8.ply,5
620,VID_20220217_182816_mod6.ply,0,VID_20220217_181455_mod8.ply,1
621,VID_20220217_182816_mod6.ply,0,VID_20220217_175741_mod4.ply,8
622,VID_20220217_182816_mod6.ply,0,VID_20220217_165020_mod8.ply,9
623,VID_20220217_182816_mod6.ply,0,VID_20220217_131129_mod6.ply,2
624,VID_20220217_182816_mod6.ply,0,VID_20220217_165020_mod4.ply,9
625,VID_20220217_182816_mod6.ply,0,VID_20220217_153655_mod4.ply,5
626,VID_20220217_182816_mod6.ply,0,VID_20220217_181455_mod4.ply,1
627,VID_20220217_143010_mod6.ply,7,VID_20220217_134059_mod6.ply,4
628,VID_20220217_143010_mod6.ply,7,VID_20220217_124116_mod6.ply,6
629,VID_20220217_143010_mod6.ply,7,VID_20220217_143010_mod8.ply,7
630,VID_20220217_143010_mod6.ply,7,VID_20220217_101324_mod8.ply,10
631,VID_20220217_143010_mod6.ply,7,VID_20220217_131129_mod8.ply,2
632,VID_20220217_143010_mod6.ply,7,VID_20220217_175741_mod8.ply,8
633,VID_20220217_143010_mod6.ply,7,VID_20220217_124116_mod8.ply,6
634,VID_20220217_143010_mod6.ply,7,VID_20220217_182816_mod4.ply,0
635,VID_20220217_143010_mod6.ply,7,VID_20220217_182816_mod8.ply,0
636,VID_20220217_143010_mod6.ply,7,VID_20220217_101324_mod6.ply,10
637,VID_20220217_143010_mod6.ply,7,VID_20220217_175741_mod6.ply,8
638,VID_20220217_143010_mod6.ply,7,VID_20220217_153655_mod6.ply,5
639,VID_20220217_143010_mod6.ply,7,VID_20220217_134059_mod4.ply,4
640,VID_20220217_143010_mod6.ply,7,VID_20220217_101324_mod4.ply,10
641,VID_20220217_143010_mod6.ply,7,VID_20220217_131129_mod4.ply,2
642,VID_20220217_143010_mod6.ply,7,VID_20220217_134059_mod8.ply,4
643,VID_20220217_143010_mod6.ply,7,VID_20220217_154128_mod6.ply,3
644,VID_20220217_143010_mod6.ply,7,VID_20220217_124116_mod4.ply,6
645,VID_20220217_143010_mod6.ply,7,VID_20220217_182816_mod6.ply,0
646,VID_20220217_143010_mod6.ply,7,VID_20220217_143010_mod6.ply,7
647,VID_20220217_143010_mod6.ply,7,VID_20220217_165020_mod6.ply,9
648,VID_20220217_143010_mod6.ply,7,VID_20220217_154128_mod8.ply,3
649,VID_20220217_143010_mod6.ply,7,VID_20220217_154128_mod4.ply,3
650,VID_20220217_143010_mod6.ply,7,VID_20220217_181455_mod6.ply,1
651,VID_20220217_143010_mod6.ply,7,VID_20220217_143010_mod4.ply,7
652,VID_20220217_143010_mod6.ply,7,VID_20220217_153655_mod8.ply,5
653,VID_20220217_143010_mod6.ply,7,VID_20220217_181455_mod8.ply,1
654,VID_20220217_143010_mod6.ply,7,VID_20220217_175741_mod4.ply,8
655,VID_20220217_143010_mod6.ply,7,VID_20220217_165020_mod8.ply,9
656,VID_20220217_143010_mod6.ply,7,VID_20220217_131129_mod6.ply,2
657,VID_20220217_143010_mod6.ply,7,VID_20220217_165020_mod4.ply,9
658,VID_20220217_143010_mod6.ply,7,VID_20220217_153655_mod4.ply,5
659,VID_20220217_143010_mod6.ply,7,VID_20220217_181455_mod4.ply,1
660,VID_20220217_165020_mod6.ply,9,VID_20220217_134059_mod6.ply,4
661,VID_20220217_165020_mod6.ply,9,VID_20220217_124116_mod6.ply,6
662,VID_20220217_165020_mod6.ply,9,VID_20220217_143010_mod8.ply,7
663,VID_20220217_165020_mod6.ply,9,VID_20220217_101324_mod8.ply,10
664,VID_20220217_165020_mod6.ply,9,VID_20220217_131129_mod8.ply,2
665,VID_20220217_165020_mod6.ply,9,VID_20220217_175741_mod8.ply,8
666,VID_20220217_165020_mod6.ply,9,VID_20220217_124116_mod8.ply,6
667,VID_20220217_165020_mod6.ply,9,VID_20220217_182816_mod4.ply,0
668,VID_20220217_165020_mod6.ply,9,VID_20220217_182816_mod8.ply,0
669,VID_20220217_165020_mod6.ply,9,VID_20220217_101324_mod6.ply,10
670,VID_20220217_165020_mod6.ply,9,VID_20220217_175741_mod6.ply,8
671,VID_20220217_165020_mod6.ply,9,VID_20220217_153655_mod6.ply,5
672,VID_20220217_165020_mod6.ply,9,VID_20220217_134059_mod4.ply,4
673,VID_20220217_165020_mod6.ply,9,VID_20220217_101324_mod4.ply,10
674,VID_20220217_165020_mod6.ply,9,VID_20220217_131129_mod4.ply,2
675,VID_20220217_165020_mod6.ply,9,VID_20220217_134059_mod8.ply,4
676,VID_20220217_165020_mod6.ply,9,VID_20220217_154128_mod6.ply,3
677,VID_20220217_165020_mod6.ply,9,VID_20220217_124116_mod4.ply,6
678,VID_20220217_165020_mod6.ply,9,VID_20220217_182816_mod6.ply,0
679,VID_20220217_165020_mod6.ply,9,VID_20220217_143010_mod6.ply,7
680,VID_20220217_165020_mod6.ply,9,VID_20220217_165020_mod6.ply,9
681,VID_20220217_165020_mod6.ply,9,VID_20220217_154128_mod8.ply,3
682,VID_20220217_165020_mod6.ply,9,VID_20220217_154128_mod4.ply,3
683,VID_20220217_165020_mod6.ply,9,VID_20220217_181455_mod6.ply,1
684,VID_20220217_165020_mod6.ply,9,VID_20220217_143010_mod4.ply,7
685,VID_20220217_165020_mod6.ply,9,VID_20220217_153655_mod8.ply,5
686,VID_20220217_165020_mod6.ply,9,VID_20220217_181455_mod8.ply,1
687,VID_20220217_165020_mod6.ply,9,VID_20220217_175741_mod4.ply,8
688,VID_20220217_165020_mod6.ply,9,VID_20220217_165020_mod8.ply,9
689,VID_20220217_165020_mod6.ply,9,VID_20220217_131129_mod6.ply,2
690,VID_20220217_165020_mod6.ply,9,VID_20220217_165020_mod4.ply,9
691,VID_20220217_165020_mod6.ply,9,VID_20220217_153655_mod4.ply,5
692,VID_20220217_165020_mod6.ply,9,VID_20220217_181455_mod4.ply,1
693,VID_20220217_154128_mod8.ply,3,VID_20220217_134059_mod6.ply,4
694,VID_20220217_154128_mod8.ply,3,VID_20220217_124116_mod6.ply,6
695,VID_20220217_154128_mod8.ply,3,VID_20220217_143010_mod8.ply,7
696,VID_20220217_154128_mod8.ply,3,VID_20220217_101324_mod8.ply,10
697,VID_20220217_154128_mod8.ply,3,VID_20220217_131129_mod8.ply,2
698,VID_20220217_154128_mod8.ply,3,VID_20220217_175741_mod8.ply,8
699,VID_20220217_154128_mod8.ply,3,VID_20220217_124116_mod8.ply,6
700,VID_20220217_154128_mod8.ply,3,VID_20220217_182816_mod4.ply,0
701,VID_20220217_154128_mod8.ply,3,VID_20220217_182816_mod8.ply,0
702,VID_20220217_154128_mod8.ply,3,VID_20220217_101324_mod6.ply,10
703,VID_20220217_154128_mod8.ply,3,VID_20220217_175741_mod6.ply,8
704,VID_20220217_154128_mod8.ply,3,VID_20220217_153655_mod6.ply,5
705,VID_20220217_154128_mod8.ply,3,VID_20220217_134059_mod4.ply,4
706,VID_20220217_154128_mod8.ply,3,VID_20220217_101324_mod4.ply,10
707,VID_20220217_154128_mod8.ply,3,VID_20220217_131129_mod4.ply,2
708,VID_20220217_154128_mod8.ply,3,VID_20220217_134059_mod8.ply,4
709,VID_20220217_154128_mod8.ply,3,VID_20220217_154128_mod6.ply,3
710,VID_20220217_154128_mod8.ply,3,VID_20220217_124116_mod4.ply,6
711,VID_20220217_154128_mod8.ply,3,VID_20220217_182816_mod6.ply,0
712,VID_20220217_154128_mod8.ply,3,VID_20220217_143010_mod6.ply,7
713,VID_20220217_154128_mod8.ply,3,VID_20220217_165020_mod6.ply,9
714,VID_20220217_154128_mod8.ply,3,VID_20220217_154128_mod8.ply,3
715,VID_20220217_154128_mod8.ply,3,VID_20220217_154128_mod4.ply,3
716,VID_20220217_154128_mod8.ply,3,VID_20220217_181455_mod6.ply,1
717,VID_20220217_154128_mod8.ply,3,VID_20220217_143010_mod4.ply,7
718,VID_20220217_154128_mod8.ply,3,VID_20220217_153655_mod8.ply,5
719,VID_20220217_154128_mod8.ply,3,VID_20220217_181455_mod8.ply,1
720,VID_20220217_154128_mod8.ply,3,VID_20220217_175741_mod4.ply,8
721,VID_20220217_154128_mod8.ply,3,VID_20220217_165020_mod8.ply,9
722,VID_20220217_154128_mod8.ply,3,VID_20220217_131129_mod6.ply,2
723,VID_20220217_154128_mod8.ply,3,VID_20220217_165020_mod4.ply,9
724,VID_20220217_154128_mod8.ply,3,VID_20220217_153655_mod4.ply,5
725,VID_20220217_154128_mod8.ply,3,VID_20220217_181455_mod4.ply,1
726,VID_20220217_154128_mod4.ply,3,VID_20220217_134059_mod6.ply,4
727,VID_20220217_154128_mod4.ply,3,VID_20220217_124116_mod6.ply,6
728,VID_20220217_154128_mod4.ply,3,VID_20220217_143010_mod8.ply,7
729,VID_20220217_154128_mod4.ply,3,VID_20220217_101324_mod8.ply,10
730,VID_20220217_154128_mod4.ply,3,VID_20220217_131129_mod8.ply,2
731,VID_20220217_154128_mod4.ply,3,VID_20220217_175741_mod8.ply,8
732,VID_20220217_154128_mod4.ply,3,VID_20220217_124116_mod8.ply,6
733,VID_20220217_154128_mod4.ply,3,VID_20220217_182816_mod4.ply,0
734,VID_20220217_154128_mod4.ply,3,VID_20220217_182816_mod8.ply,0
735,VID_20220217_154128_mod4.ply,3,VID_20220217_101324_mod6.ply,10
736,VID_20220217_154128_mod4.ply,3,VID_20220217_175741_mod6.ply,8
737,VID_20220217_154128_mod4.ply,3,VID_20220217_153655_mod6.ply,5
738,VID_20220217_154128_mod4.ply,3,VID_20220217_134059_mod4.ply,4
739,VID_20220217_154128_mod4.ply,3,VID_20220217_101324_mod4.ply,10
740,VID_20220217_154128_mod4.ply,3,VID_20220217_131129_mod4.ply,2
741,VID_20220217_154128_mod4.ply,3,VID_20220217_134059_mod8.ply,4
742,VID_20220217_154128_mod4.ply,3,VID_20220217_154128_mod6.ply,3
743,VID_20220217_154128_mod4.ply,3,VID_20220217_124116_mod4.ply,6
744,VID_20220217_154128_mod4.ply,3,VID_20220217_182816_mod6.ply,0
745,VID_20220217_154128_mod4.ply,3,VID_20220217_143010_mod6.ply,7
746,VID_20220217_154128_mod4.ply,3,VID_20220217_165020_mod6.ply,9
747,VID_20220217_154128_mod4.ply,3,VID_20220217_154128_mod8.ply,3
748,VID_20220217_154128_mod4.ply,3,VID_20220217_154128_mod4.ply,3
749,VID_20220217_154128_mod4.ply,3,VID_20220217_181455_mod6.ply,1
750,VID_20220217_154128_mod4.ply,3,VID_20220217_143010_mod4.ply,7
751,VID_20220217_154128_mod4.ply,3,VID_20220217_153655_mod8.ply,5
752,VID_20220217_154128_mod4.ply,3,VID_20220217_181455_mod8.ply,1
753,VID_20220217_154128_mod4.ply,3,VID_20220217_175741_mod4.ply,8
754,VID_20220217_154128_mod4.ply,3,VID_20220217_165020_mod8.ply,9
755,VID_20220217_154128_mod4.ply,3,VID_20220217_131129_mod6.ply,2
756,VID_20220217_154128_mod4.ply,3,VID_20220217_165020_mod4.ply,9
757,VID_20220217_154128_mod4.ply,3,VID_20220217_153655_mod4.ply,5
758,VID_20220217_154128_mod4.ply,3,VID_20220217_181455_mod4.ply,1
759,VID_20220217_181455_mod6.ply,1,VID_20220217_134059_mod6.ply,4
760,VID_20220217_181455_mod6.ply,1,VID_20220217_124116_mod6.ply,6
761,VID_20220217_181455_mod6.ply,1,VID_20220217_143010_mod8.ply,7
762,VID_20220217_181455_mod6.ply,1,VID_20220217_101324_mod8.ply,10
763,VID_20220217_181455_mod6.ply,1,VID_20220217_131129_mod8.ply,2
764,VID_20220217_181455_mod6.ply,1,VID_20220217_175741_mod8.ply,8
765,VID_20220217_181455_mod6.ply,1,VID_20220217_124116_mod8.ply,6
766,VID_20220217_181455_mod6.ply,1,VID_20220217_182816_mod4.ply,0
767,VID_20220217_181455_mod6.ply,1,VID_20220217_182816_mod8.ply,0
768,VID_20220217_181455_mod6.ply,1,VID_20220217_101324_mod6.ply,10
769,VID_20220217_181455_mod6.ply,1,VID_20220217_175741_mod6.ply,8
770,VID_20220217_181455_mod6.ply,1,VID_20220217_153655_mod6.ply,5
771,VID_20220217_181455_mod6.ply,1,VID_20220217_134059_mod4.ply,4
772,VID_20220217_181455_mod6.ply,1,VID_20220217_101324_mod4.ply,10
773,VID_20220217_181455_mod6.ply,1,VID_20220217_131129_mod4.ply,2
774,VID_20220217_181455_mod6.ply,1,VID_20220217_134059_mod8.ply,4
775,VID_20220217_181455_mod6.ply,1,VID_20220217_154128_mod6.ply,3
776,VID_20220217_181455_mod6.ply,1,VID_20220217_124116_mod4.ply,6
777,VID_20220217_181455_mod6.ply,1,VID_20220217_182816_mod6.ply,0
778,VID_20220217_181455_mod6.ply,1,VID_20220217_143010_mod6.ply,7
779,VID_20220217_181455_mod6.ply,1,VID_20220217_165020_mod6.ply,9
780,VID_20220217_181455_mod6.ply,1,VID_20220217_154128_mod8.ply,3
781,VID_20220217_181455_mod6.ply,1,VID_20220217_154128_mod4.ply,3
782,VID_20220217_181455_mod6.ply,1,VID_20220217_181455_mod6.ply,1
783,VID_20220217_181455_mod6.ply,1,VID_20220217_143010_mod4.ply,7
784,VID_20220217_181455_mod6.ply,1,VID_20220217_153655_mod8.ply,5
785,VID_20220217_181455_mod6.ply,1,VID_20220217_181455_mod8.ply,1
786,VID_20220217_181455_mod6.ply,1,VID_20220217_175741_mod4.ply,8
787,VID_20220217_181455_mod6.ply,1,VID_20220217_165020_mod8.ply,9
788,VID_20220217_181455_mod6.ply,1,VID_20220217_131129_mod6.ply,2
789,VID_20220217_181455_mod6.ply,1,VID_20220217_165020_mod4.ply,9
790,VID_20220217_181455_mod6.ply,1,VID_20220217_153655_mod4.ply,5
791,VID_20220217_181455_mod6.ply,1,VID_20220217_181455_mod4.ply,1
792,VID_20220217_143010_mod4.ply,7,VID_20220217_134059_mod6.ply,4
793,VID_20220217_143010_mod4.ply,7,VID_20220217_124116_mod6.ply,6
794,VID_20220217_143010_mod4.ply,7,VID_20220217_143010_mod8.ply,7
795,VID_20220217_143010_mod4.ply,7,VID_20220217_101324_mod8.ply,10
796,VID_20220217_143010_mod4.ply,7,VID_20220217_131129_mod8.ply,2
797,VID_20220217_143010_mod4.ply,7,VID_20220217_175741_mod8.ply,8
798,VID_20220217_143010_mod4.ply,7,VID_20220217_124116_mod8.ply,6
799,VID_20220217_143010_mod4.ply,7,VID_20220217_182816_mod4.ply,0
800,VID_20220217_143010_mod4.ply,7,VID_20220217_182816_mod8.ply,0
801,VID_20220217_143010_mod4.ply,7,VID_20220217_101324_mod6.ply,10
802,VID_20220217_143010_mod4.ply,7,VID_20220217_175741_mod6.ply,8
803,VID_20220217_143010_mod4.ply,7,VID_20220217_153655_mod6.ply,5
804,VID_20220217_143010_mod4.ply,7,VID_20220217_134059_mod4.ply,4
805,VID_20220217_143010_mod4.ply,7,VID_20220217_101324_mod4.ply,10
806,VID_20220217_143010_mod4.ply,7,VID_20220217_131129_mod4.ply,2
807,VID_20220217_143010_mod4.ply,7,VID_20220217_134059_mod8.ply,4
808,VID_20220217_143010_mod4.ply,7,VID_20220217_154128_mod6.ply,3
809,VID_20220217_143010_mod4.ply,7,VID_20220217_124116_mod4.ply,6
810,VID_20220217_143010_mod4.ply,7,VID_20220217_182816_mod6.ply,0
811,VID_20220217_143010_mod4.ply,7,VID_20220217_143010_mod6.ply,7
812,VID_20220217_143010_mod4.ply,7,VID_20220217_165020_mod6.ply,9
813,VID_20220217_143010_mod4.ply,7,VID_20220217_154128_mod8.ply,3
814,VID_20220217_143010_mod4.ply,7,VID_20220217_154128_mod4.ply,3
815,VID_20220217_143010_mod4.ply,7,VID_20220217_181455_mod6.ply,1
816,VID_20220217_143010_mod4.ply,7,VID_20220217_143010_mod4.ply,7
817,VID_20220217_143010_mod4.ply,7,VID_20220217_153655_mod8.ply,5
818,VID_20220217_143010_mod4.ply,7,VID_20220217_181455_mod8.ply,1
819,VID_20220217_143010_mod4.ply,7,VID_20220217_175741_mod4.ply,8
820,VID_20220217_143010_mod4.ply,7,VID_20220217_165020_mod8.ply,9
821,VID_20220217_143010_mod4.ply,7,VID_20220217_131129_mod6.ply,2
822,VID_20220217_143010_mod4.ply,7,VID_20220217_165020_mod4.ply,9
823,VID_20220217_143010_mod4.ply,7,VID_20220217_153655_mod4.ply,5
824,VID_20220217_143010_mod4.ply,7,VID_20220217_181455_mod4.ply,1
825,VID_20220217_153655_mod8.ply,5,VID_20220217_134059_mod6.ply,4
826,VID_20220217_153655_mod8.ply,5,VID_20220217_124116_mod6.ply,6
827,VID_20220217_153655_mod8.ply,5,VID_20220217_143010_mod8.ply,7
828,VID_20220217_153655_mod8.ply,5,VID_20220217_101324_mod8.ply,10
829,VID_20220217_153655_mod8.ply,5,VID_20220217_131129_mod8.ply,2
830,VID_20220217_153655_mod8.ply,5,VID_20220217_175741_mod8.ply,8
831,VID_20220217_153655_mod8.ply,5,VID_20220217_124116_mod8.ply,6
832,VID_20220217_153655_mod8.ply,5,VID_20220217_182816_mod4.ply,0
833,VID_20220217_153655_mod8.ply,5,VID_20220217_182816_mod8.ply,0
834,VID_20220217_153655_mod8.ply,5,VID_20220217_101324_mod6.ply,10
835,VID_20220217_153655_mod8.ply,5,VID_20220217_175741_mod6.ply,8
836,VID_20220217_153655_mod8.ply,5,VID_20220217_153655_mod6.ply,5
837,VID_20220217_153655_mod8.ply,5,VID_20220217_134059_mod4.ply,4
838,VID_20220217_153655_mod8.ply,5,VID_20220217_101324_mod4.ply,10
839,VID_20220217_153655_mod8.ply,5,VID_20220217_131129_mod4.ply,2
840,VID_20220217_153655_mod8.ply,5,VID_20220217_134059_mod8.ply,4
841,VID_20220217_153655_mod8.ply,5,VID_20220217_154128_mod6.ply,3
842,VID_20220217_153655_mod8.ply,5,VID_20220217_124116_mod4.ply,6
843,VID_20220217_153655_mod8.ply,5,VID_20220217_182816_mod6.ply,0
844,VID_20220217_153655_mod8.ply,5,VID_20220217_143010_mod6.ply,7
845,VID_20220217_153655_mod8.ply,5,VID_20220217_165020_mod6.ply,9
846,VID_20220217_153655_mod8.ply,5,VID_20220217_154128_mod8.ply,3
847,VID_20220217_153655_mod8.ply,5,VID_20220217_154128_mod4.ply,3
848,VID_20220217_153655_mod8.ply,5,VID_20220217_181455_mod6.ply,1
849,VID_20220217_153655_mod8.ply,5,VID_20220217_143010_mod4.ply,7
850,VID_20220217_153655_mod8.ply,5,VID_20220217_153655_mod8.ply,5
851,VID_20220217_153655_mod8.ply,5,VID_20220217_181455_mod8.ply,1
852,VID_20220217_153655_mod8.ply,5,VID_20220217_175741_mod4.ply,8
853,VID_20220217_153655_mod8.ply,5,VID_20220217_165020_mod8.ply,9
854,VID_20220217_153655_mod8.ply,5,VID_20220217_131129_mod6.ply,2
855,VID_20220217_153655_mod8.ply,5,VID_20220217_165020_mod4.ply,9
856,VID_20220217_153655_mod8.ply,5,VID_20220217_153655_mod4.ply,5
857,VID_20220217_153655_mod8.ply,5,VID_20220217_181455_mod4.ply,1
858,VID_20220217_181455_mod8.ply,1,VID_20220217_134059_mod6.ply,4
859,VID_20220217_181455_mod8.ply,1,VID_20220217_124116_mod6.ply,6
860,VID_20220217_181455_mod8.ply,1,VID_20220217_143010_mod8.ply,7
861,VID_20220217_181455_mod8.ply,1,VID_20220217_101324_mod8.ply,10
862,VID_20220217_181455_mod8.ply,1,VID_20220217_131129_mod8.ply,2
863,VID_20220217_181455_mod8.ply,1,VID_20220217_175741_mod8.ply,8
864,VID_20220217_181455_mod8.ply,1,VID_20220217_124116_mod8.ply,6
865,VID_20220217_181455_mod8.ply,1,VID_20220217_182816_mod4.ply,0
866,VID_20220217_181455_mod8.ply,1,VID_20220217_182816_mod8.ply,0
867,VID_20220217_181455_mod8.ply,1,VID_20220217_101324_mod6.ply,10
868,VID_20220217_181455_mod8.ply,1,VID_20220217_175741_mod6.ply,8
869,VID_20220217_181455_mod8.ply,1,VID_20220217_153655_mod6.ply,5
870,VID_20220217_181455_mod8.ply,1,VID_20220217_134059_mod4.ply,4
871,VID_20220217_181455_mod8.ply,1,VID_20220217_101324_mod4.ply,10
872,VID_20220217_181455_mod8.ply,1,VID_20220217_131129_mod4.ply,2
873,VID_20220217_181455_mod8.ply,1,VID_20220217_134059_mod8.ply,4
874,VID_20220217_181455_mod8.ply,1,VID_20220217_154128_mod6.ply,3
875,VID_20220217_181455_mod8.ply,1,VID_20220217_124116_mod4.ply,6
876,VID_20220217_181455_mod8.ply,1,VID_20220217_182816_mod6.ply,0
877,VID_20220217_181455_mod8.ply,1,VID_20220217_143010_mod6.ply,7
878,VID_20220217_181455_mod8.ply,1,VID_20220217_165020_mod6.ply,9
879,VID_20220217_181455_mod8.ply,1,VID_20220217_154128_mod8.ply,3
880,VID_20220217_181455_mod8.ply,1,VID_20220217_154128_mod4.ply,3
881,VID_20220217_181455_mod8.ply,1,VID_20220217_181455_mod6.ply,1
882,VID_20220217_181455_mod8.ply,1,VID_20220217_143010_mod4.ply,7
883,VID_20220217_181455_mod8.ply,1,VID_20220217_153655_mod8.ply,5
884,VID_20220217_181455_mod8.ply,1,VID_20220217_181455_mod8.ply,1
885,VID_20220217_181455_mod8.ply,1,VID_20220217_175741_mod4.ply,8
886,VID_20220217_181455_mod8.ply,1,VID_20220217_165020_mod8.ply,9
887,VID_20220217_181455_mod8.ply,1,VID_20220217_131129_mod6.ply,2
888,VID_20220217_181455_mod8.ply,1,VID_20220217_165020_mod4.ply,9
889,VID_20220217_181455_mod8.ply,1,VID_20220217_153655_mod4.ply,5
890,VID_20220217_181455_mod8.ply,1,VID_20220217_181455_mod4.ply,1
891,VID_20220217_175741_mod4.ply,8,VID_20220217_134059_mod6.ply,4
892,VID_20220217_175741_mod4.ply,8,VID_20220217_124116_mod6.ply,6
893,VID_20220217_175741_mod4.ply,8,VID_20220217_143010_mod8.ply,7
894,VID_20220217_175741_mod4.ply,8,VID_20220217_101324_mod8.ply,10
895,VID_20220217_175741_mod4.ply,8,VID_20220217_131129_mod8.ply,2
896,VID_20220217_175741_mod4.ply,8,VID_20220217_175741_mod8.ply,8
897,VID_20220217_175741_mod4.ply,8,VID_20220217_124116_mod8.ply,6
898,VID_20220217_175741_mod4.ply,8,VID_20220217_182816_mod4.ply,0
899,VID_20220217_175741_mod4.ply,8,VID_20220217_182816_mod8.ply,0
900,VID_20220217_175741_mod4.ply,8,VID_20220217_101324_mod6.ply,10
901,VID_20220217_175741_mod4.ply,8,VID_20220217_175741_mod6.ply,8
902,VID_20220217_175741_mod4.ply,8,VID_20220217_153655_mod6.ply,5
903,VID_20220217_175741_mod4.ply,8,VID_20220217_134059_mod4.ply,4
904,VID_20220217_175741_mod4.ply,8,VID_20220217_101324_mod4.ply,10
905,VID_20220217_175741_mod4.ply,8,VID_20220217_131129_mod4.ply,2
906,VID_20220217_175741_mod4.ply,8,VID_20220217_134059_mod8.ply,4
907,VID_20220217_175741_mod4.ply,8,VID_20220217_154128_mod6.ply,3
908,VID_20220217_175741_mod4.ply,8,VID_20220217_124116_mod4.ply,6
909,VID_20220217_175741_mod4.ply,8,VID_20220217_182816_mod6.ply,0
910,VID_20220217_175741_mod4.ply,8,VID_20220217_143010_mod6.ply,7
911,VID_20220217_175741_mod4.ply,8,VID_20220217_165020_mod6.ply,9
912,VID_20220217_175741_mod4.ply,8,VID_20220217_154128_mod8.ply,3
913,VID_20220217_175741_mod4.ply,8,VID_20220217_154128_mod4.ply,3
914,VID_20220217_175741_mod4.ply,8,VID_20220217_181455_mod6.ply,1
915,VID_20220217_175741_mod4.ply,8,VID_20220217_143010_mod4.ply,7
916,VID_20220217_175741_mod4.ply,8,VID_20220217_153655_mod8.ply,5
917,VID_20220217_175741_mod4.ply,8,VID_20220217_181455_mod8.ply,1
918,VID_20220217_175741_mod4.ply,8,VID_20220217_175741_mod4.ply,8
919,VID_20220217_175741_mod4.ply,8,VID_20220217_165020_mod8.ply,9
920,VID_20220217_175741_mod4.ply,8,VID_20220217_131129_mod6.ply,2
921,VID_20220217_175741_mod4.ply,8,VID_20220217_165020_mod4.ply,9
922,VID_20220217_175741_mod4.ply,8,VID_20220217_153655_mod4.ply,5
923,VID_20220217_175741_mod4.ply,8,VID_20220217_181455_mod4.ply,1
924,VID_20220217_165020_mod8.ply,9,VID_20220217_134059_mod6.ply,4
925,VID_20220217_165020_mod8.ply,9,VID_20220217_124116_mod6.ply,6
926,VID_20220217_165020_mod8.ply,9,VID_20220217_143010_mod8.ply,7
927,VID_20220217_165020_mod8.ply,9,VID_20220217_101324_mod8.ply,10
928,VID_20220217_165020_mod8.ply,9,VID_20220217_131129_mod8.ply,2
929,VID_20220217_165020_mod8.ply,9,VID_20220217_175741_mod8.ply,8
930,VID_20220217_165020_mod8.ply,9,VID_20220217_124116_mod8.ply,6
931,VID_20220217_165020_mod8.ply,9,VID_20220217_182816_mod4.ply,0
932,VID_20220217_165020_mod8.ply,9,VID_20220217_182816_mod8.ply,0
933,VID_20220217_165020_mod8.ply,9,VID_20220217_101324_mod6.ply,10
934,VID_20220217_165020_mod8.ply,9,VID_20220217_175741_mod6.ply,8
935,VID_20220217_165020_mod8.ply,9,VID_20220217_153655_mod6.ply,5
936,VID_20220217_165020_mod8.ply,9,VID_20220217_134059_mod4.ply,4
937,VID_20220217_165020_mod8.ply,9,VID_20220217_101324_mod4.ply,10
938,VID_20220217_165020_mod8.ply,9,VID_20220217_131129_mod4.ply,2
939,VID_20220217_165020_mod8.ply,9,VID_20220217_134059_mod8.ply,4
940,VID_20220217_165020_mod8.ply,9,VID_20220217_154128_mod6.ply,3
941,VID_20220217_165020_mod8.ply,9,VID_20220217_124116_mod4.ply,6
942,VID_20220217_165020_mod8.ply,9,VID_20220217_182816_mod6.ply,0
943,VID_20220217_165020_mod8.ply,9,VID_20220217_143010_mod6.ply,7
944,VID_20220217_165020_mod8.ply,9,VID_20220217_165020_mod6.ply,9
945,VID_20220217_165020_mod8.ply,9,VID_20220217_154128_mod8.ply,3
946,VID_20220217_165020_mod8.ply,9,VID_20220217_154128_mod4.ply,3
947,VID_20220217_165020_mod8.ply,9,VID_20220217_181455_mod6.ply,1
948,VID_20220217_165020_mod8.ply,9,VID_20220217_143010_mod4.ply,7
949,VID_20220217_165020_mod8.ply,9,VID_20220217_153655_mod8.ply,5
950,VID_20220217_165020_mod8.ply,9,VID_20220217_181455_mod8.ply,1
951,VID_20220217_165020_mod8.ply,9,VID_20220217_175741_mod4.ply,8
952,VID_20220217_165020_mod8.ply,9,VID_20220217_165020_mod8.ply,9
953,VID_20220217_165020_mod8.ply,9,VID_20220217_131129_mod6.ply,2
954,VID_20220217_165020_mod8.ply,9,VID_20220217_165020_mod4.ply,9
955,VID_20220217_165020_mod8.ply,9,VID_20220217_153655_mod4.ply,5
956,VID_20220217_165020_mod8.ply,9,VID_20220217_181455_mod4.ply,1
957,VID_20220217_131129_mod6.ply,2,VID_20220217_134059_mod6.ply,4
958,VID_20220217_131129_mod6.ply,2,VID_20220217_124116_mod6.ply,6
959,VID_20220217_131129_mod6.ply,2,VID_20220217_143010_mod8.ply,7
960,VID_20220217_131129_mod6.ply,2,VID_20220217_101324_mod8.ply,10
961,VID_20220217_131129_mod6.ply,2,VID_20220217_131129_mod8.ply,2
962,VID_20220217_131129_mod6.ply,2,VID_20220217_175741_mod8.ply,8
963,VID_20220217_131129_mod6.ply,2,VID_20220217_124116_mod8.ply,6
964,VID_20220217_131129_mod6.ply,2,VID_20220217_182816_mod4.ply,0
965,VID_20220217_131129_mod6.ply,2,VID_20220217_182816_mod8.ply,0
966,VID_20220217_131129_mod6.ply,2,VID_20220217_101324_mod6.ply,10
967,VID_20220217_131129_mod6.ply,2,VID_20220217_175741_mod6.ply,8
968,VID_20220217_131129_mod6.ply,2,VID_20220217_153655_mod6.ply,5
969,VID_20220217_131129_mod6.ply,2,VID_20220217_134059_mod4.ply,4
970,VID_20220217_131129_mod6.ply,2,VID_20220217_101324_mod4.ply,10
971,VID_20220217_131129_mod6.ply,2,VID_20220217_131129_mod4.ply,2
972,VID_20220217_131129_mod6.ply,2,VID_20220217_134059_mod8.ply,4
973,VID_20220217_131129_mod6.ply,2,VID_20220217_154128_mod6.ply,3
974,VID_20220217_131129_mod6.ply,2,VID_20220217_124116_mod4.ply,6
975,VID_20220217_131129_mod6.ply,2,VID_20220217_182816_mod6.ply,0
976,VID_20220217_131129_mod6.ply,2,VID_20220217_143010_mod6.ply,7
977,VID_20220217_131129_mod6.ply,2,VID_20220217_165020_mod6.ply,9
978,VID_20220217_131129_mod6.ply,2,VID_20220217_154128_mod8.ply,3
979,VID_20220217_131129_mod6.ply,2,VID_20220217_154128_mod4.ply,3
980,VID_20220217_131129_mod6.ply,2,VID_20220217_181455_mod6.ply,1
981,VID_20220217_131129_mod6.ply,2,VID_20220217_143010_mod4.ply,7
982,VID_20220217_131129_mod6.ply,2,VID_20220217_153655_mod8.ply,5
983,VID_20220217_131129_mod6.ply,2,VID_20220217_181455_mod8.ply,1
984,VID_20220217_131129_mod6.ply,2,VID_20220217_175741_mod4.ply,8
985,VID_20220217_131129_mod6.ply,2,VID_20220217_165020_mod8.ply,9
986,VID_20220217_131129_mod6.ply,2,VID_20220217_131129_mod6.ply,2
987,VID_20220217_131129_mod6.ply,2,VID_20220217_165020_mod4.ply,9
988,VID_20220217_131129_mod6.ply,2,VID_20220217_153655_mod4.ply,5
989,VID_20220217_131129_mod6.ply,2,VID_20220217_181455_mod4.ply,1
990,VID_20220217_165020_mod4.ply,9,VID_20220217_134059_mod6.ply,4
991,VID_20220217_165020_mod4.ply,9,VID_20220217_124116_mod6.ply,6
992,VID_20220217_165020_mod4.ply,9,VID_20220217_143010_mod8.ply,7
993,VID_20220217_165020_mod4.ply,9,VID_20220217_101324_mod8.ply,10
994,VID_20220217_165020_mod4.ply,9,VID_20220217_131129_mod8.ply,2
995,VID_20220217_165020_mod4.ply,9,VID_20220217_175741_mod8.ply,8
996,VID_20220217_165020_mod4.ply,9,VID_20220217_124116_mod8.ply,6
997,VID_20220217_165020_mod4.ply,9,VID_20220217_182816_mod4.ply,0
998,VID_20220217_165020_mod4.ply,9,VID_20220217_182816_mod8.ply,0
999,VID_20220217_165020_mod4.ply,9,VID_20220217_101324_mod6.ply,10
1000,VID_20220217_165020_mod4.ply,9,VID_20220217_175741_mod6.ply,8
1001,VID_20220217_165020_mod4.ply,9,VID_20220217_153655_mod6.ply,5
1002,VID_20220217_165020_mod4.ply,9,VID_20220217_134059_mod4.ply,4
1003,VID_20220217_165020_mod4.ply,9,VID_20220217_101324_mod4.ply,10
1004,VID_20220217_165020_mod4.ply,9,VID_20220217_131129_mod4.ply,2
1005,VID_20220217_165020_mod4.ply,9,VID_20220217_134059_mod8.ply,4
1006,VID_20220217_165020_mod4.ply,9,VID_20220217_154128_mod6.ply,3
1007,VID_20220217_165020_mod4.ply,9,VID_20220217_124116_mod4.ply,6
1008,VID_20220217_165020_mod4.ply,9,VID_20220217_182816_mod6.ply,0
1009,VID_20220217_165020_mod4.ply,9,VID_20220217_143010_mod6.ply,7
1010,VID_20220217_165020_mod4.ply,9,VID_20220217_165020_mod6.ply,9
1011,VID_20220217_165020_mod4.ply,9,VID_20220217_154128_mod8.ply,3
1012,VID_20220217_165020_mod4.ply,9,VID_20220217_154128_mod4.ply,3
1013,VID_20220217_165020_mod4.ply,9,VID_20220217_181455_mod6.ply,1
1014,VID_20220217_165020_mod4.ply,9,VID_20220217_143010_mod4.ply,7
1015,VID_20220217_165020_mod4.ply,9,VID_20220217_153655_mod8.ply,5
1016,VID_20220217_165020_mod4.ply,9,VID_20220217_181455_mod8.ply,1
1017,VID_20220217_165020_mod4.ply,9,VID_20220217_175741_mod4.ply,8
1018,VID_20220217_165020_mod4.ply,9,VID_20220217_165020_mod8.ply,9
1019,VID_20220217_165020_mod4.ply,9,VID_20220217_131129_mod6.ply,2
1020,VID_20220217_165020_mod4.ply,9,VID_20220217_165020_mod4.ply,9
1021,VID_20220217_165020_mod4.ply,9,VID_20220217_153655_mod4.ply,5
1022,VID_20220217_165020_mod4.ply,9,VID_20220217_181455_mod4.ply,1
1023,VID_20220217_153655_mod4.ply,5,VID_20220217_134059_mod6.ply,4
1024,VID_20220217_153655_mod4.ply,5,VID_20220217_124116_mod6.ply,6
1025,VID_20220217_153655_mod4.ply,5,VID_20220217_143010_mod8.ply,7
1026,VID_20220217_153655_mod4.ply,5,VID_20220217_101324_mod8.ply,10
1027,VID_20220217_153655_mod4.ply,5,VID_20220217_131129_mod8.ply,2
1028,VID_20220217_153655_mod4.ply,5,VID_20220217_175741_mod8.ply,8
1029,VID_20220217_153655_mod4.ply,5,VID_20220217_124116_mod8.ply,6
1030,VID_20220217_153655_mod4.ply,5,VID_20220217_182816_mod4.ply,0
1031,VID_20220217_153655_mod4.ply,5,VID_20220217_182816_mod8.ply,0
1032,VID_20220217_153655_mod4.ply,5,VID_20220217_101324_mod6.ply,10
1033,VID_20220217_153655_mod4.ply,5,VID_20220217_175741_mod6.ply,8
1034,VID_20220217_153655_mod4.ply,5,VID_20220217_153655_mod6.ply,5
1035,VID_20220217_153655_mod4.ply,5,VID_20220217_134059_mod4.ply,4
1036,VID_20220217_153655_mod4.ply,5,VID_20220217_101324_mod4.ply,10
1037,VID_20220217_153655_mod4.ply,5,VID_20220217_131129_mod4.ply,2
1038,VID_20220217_153655_mod4.ply,5,VID_20220217_134059_mod8.ply,4
1039,VID_20220217_153655_mod4.ply,5,VID_20220217_154128_mod6.ply,3
1040,VID_20220217_153655_mod4.ply,5,VID_20220217_124116_mod4.ply,6
1041,VID_20220217_153655_mod4.ply,5,VID_20220217_182816_mod6.ply,0
1042,VID_20220217_153655_mod4.ply,5,VID_20220217_143010_mod6.ply,7
1043,VID_20220217_153655_mod4.ply,5,VID_20220217_165020_mod6.ply,9
1044,VID_20220217_153655_mod4.ply,5,VID_20220217_154128_mod8.ply,3
1045,VID_20220217_153655_mod4.ply,5,VID_20220217_154128_mod4.ply,3
1046,VID_20220217_153655_mod4.ply,5,VID_20220217_181455_mod6.ply,1
1047,VID_20220217_153655_mod4.ply,5,VID_20220217_143010_mod4.ply,7
1048,VID_20220217_153655_mod4.ply,5,VID_20220217_153655_mod8.ply,5
1049,VID_20220217_153655_mod4.ply,5,VID_20220217_181455_mod8.ply,1
1050,VID_20220217_153655_mod4.ply,5,VID_20220217_175741_mod4.ply,8
1051,VID_20220217_153655_mod4.ply,5,VID_20220217_165020_mod8.ply,9
1052,VID_20220217_153655_mod4.ply,5,VID_20220217_131129_mod6.ply,2
1053,VID_20220217_153655_mod4.ply,5,VID_20220217_165020_mod4.ply,9
1054,VID_20220217_153655_mod4.ply,5,VID_20220217_153655_mod4.ply,5
1055,VID_20220217_153655_mod4.ply,5,VID_20220217_181455_mod4.ply,1
1056,VID_20220217_181455_mod4.ply,1,VID_20220217_134059_mod6.ply,4
1057,VID_20220217_181455_mod4.ply,1,VID_20220217_124116_mod6.ply,6
1058,VID_20220217_181455_mod4.ply,1,VID_20220217_143010_mod8.ply,7
1059,VID_20220217_181455_mod4.ply,1,VID_20220217_101324_mod8.ply,10
1060,VID_20220217_181455_mod4.ply,1,VID_20220217_131129_mod8.ply,2
1061,VID_20220217_181455_mod4.ply,1,VID_20220217_175741_mod8.ply,8
1062,VID_20220217_181455_mod4.ply,1,VID_20220217_124116_mod8.ply,6
1063,VID_20220217_181455_mod4.ply,1,VID_20220217_182816_mod4.ply,0
1064,VID_20220217_181455_mod4.ply,1,VID_20220217_182816_mod8.ply,0
1065,VID_20220217_181455_mod4.ply,1,VID_20220217_101324_mod6.ply,10
1066,VID_20220217_181455_mod4.ply,1,VID_20220217_175741_mod6.ply,8
1067,VID_20220217_181455_mod4.ply,1,VID_20220217_153655_mod6.ply,5
1068,VID_20220217_181455_mod4.ply,1,VID_20220217_134059_mod4.ply,4
1069,VID_20220217_181455_mod4.ply,1,VID_20220217_101324_mod4.ply,10
1070,VID_20220217_181455_mod4.ply,1,VID_20220217_131129_mod4.ply,2
1071,VID_20220217_181455_mod4.ply,1,VID_20220217_134059_mod8.ply,4
1072,VID_20220217_181455_mod4.ply,1,VID_20220217_154128_mod6.ply,3
1073,VID_20220217_181455_mod4.ply,1,VID_20220217_124116_mod4.ply,6
1074,VID_20220217_181455_mod4.ply,1,VID_20220217_182816_mod6.ply,0
1075,VID_20220217_181455_mod4.ply,1,VID_20220217_143010_mod6.ply,7
1076,VID_20220217_181455_mod4.ply,1,VID_20220217_165020_mod6.ply,9
1077,VID_20220217_181455_mod4.ply,1,VID_20220217_154128_mod8.ply,3
1078,VID_20220217_181455_mod4.ply,1,VID_20220217_154128_mod4.ply,3
1079,VID_20220217_181455_mod4.ply,1,VID_20220217_181455_mod6.ply,1
1080,VID_20220217_181455_mod4.ply,1,VID_20220217_143010_mod4.ply,7
1081,VID_20220217_181455_mod4.ply,1,VID_20220217_153655_mod8.ply,5
1082,VID_20220217_181455_mod4.ply,1,VID_20220217_181455_mod8.ply,1
1083,VID_20220217_181455_mod4.ply,1,VID_20220217_175741_mod4.ply,8
1084,VID_20220217_181455_mod4.ply,1,VID_20220217_165020_mod8.ply,9
1085,VID_20220217_181455_mod4.ply,1,VID_20220217_131129_mod6.ply,2
1086,VID_20220217_181455_mod4.ply,1,VID_20220217_165020_mod4.ply,9
1087,VID_20220217_181455_mod4.ply,1,VID_20220217_153655_mod4.ply,5
1088,VID_20220217_181455_mod4.ply,1,VID_20220217_181455_mod4.ply,1
