,nube1,tamaño_nube1,nube2,tamaño_nube2,matcheos,label,rmse,radio,giros
0,VID_20220217_101324_mod4_1_23.ply,18,VID_20220217_101324_mod4_1_23.ply,18,18,True,5.81309322832141e-17,0.1,8.0
0,VID_20220217_101324_mod4_1_23.ply,18,VID_20220217_101324_mod4_5_21.ply,21,3,True,0.0036188807227790724,0.1,8.0
0,VID_20220217_101324_mod4_1_23.ply,18,VID_20220217_101324_mod4_7_15.ply,21,4,True,0.005073577424086856,0.1,8.0
0,VID_20220217_101324_mod4_1_23.ply,18,VID_20220217_101324_mod4_3_17.ply,20,3,True,0.0030350719483076215,0.1,8.0
0,VID_20220217_101324_mod4_1_23.ply,18,VID_20220217_101324_mod4_8_15.ply,23,3,True,0.0036637084335271143,0.1,8.0
0,VID_20220217_101324_mod4_1_23.ply,18,VID_20220217_101324_mod4_2_15.ply,21,7,True,0.0037869536185245584,0.1,8.0
0,VID_20220217_101324_mod4_1_23.ply,18,VID_20220217_101324_mod4_18_24.ply,27,3,True,0.01599593531827153,0.1,8.0
0,VID_20220217_101324_mod4_1_23.ply,18,VID_20220217_101324_mod4_5_18.ply,22,5,True,0.0033926711835461114,0.1,8.0
0,VID_20220217_101324_mod4_1_23.ply,18,VID_20220217_101324_mod4_2_23.ply,16,5,True,0.006066612495951221,0.1,8.0
0,VID_20220217_101324_mod4_1_23.ply,18,VID_20220217_101324_mod4_11_22.ply,18,3,True,0.0024957728727880595,0.1,8.0
0,VID_20220217_101324_mod4_1_23.ply,18,VID_20220217_101324_mod4_11_24.ply,18,3,True,0.004289225536373324,0.1,8.0
0,VID_20220217_101324_mod4_1_23.ply,18,VID_20220217_101324_mod4_10_24.ply,19,3,True,0.0014477811162133475,0.1,8.0
0,VID_20220217_101324_mod4_1_23.ply,18,VID_20220217_101324_mod4_3_21.ply,21,10,True,0.0032875578874564807,0.1,8.0
0,VID_20220217_101324_mod4_1_23.ply,18,VID_20220217_101324_mod4_2_19.ply,17,3,True,0.002302413829025464,0.1,8.0
0,VID_20220217_101324_mod4_1_23.ply,18,VID_20220217_101324_mod4_10_21.ply,21,5,True,0.003418336025818542,0.1,8.0
0,VID_20220217_101324_mod4_1_23.ply,18,VID_20220217_101324_mod4_1_8.ply,32,3,True,0.01915290695529695,0.1,8.0
0,VID_20220217_101324_mod4_1_23.ply,18,VID_20220217_101324_mod4_12_23.ply,21,8,True,0.00410927102955959,0.1,8.0
0,VID_20220217_101324_mod4_1_23.ply,18,VID_20220217_101324_mod4_3_13.ply,26,6,True,0.004035010845556313,0.1,8.0
0,VID_20220217_101324_mod4_1_23.ply,18,VID_20220217_101324_mod4_10_16.ply,21,4,True,0.0038855549643514124,0.1,8.0
0,VID_20220217_101324_mod4_1_23.ply,18,VID_20220217_101324_mod4_6_23.ply,17,8,True,0.004909910616291336,0.1,8.0
0,VID_20220217_101324_mod4_5_21.ply,21,VID_20220217_101324_mod4_1_23.ply,18,3,True,0.0015286577071823965,0.1,8.0
0,VID_20220217_101324_mod4_5_21.ply,21,VID_20220217_101324_mod4_5_21.ply,21,21,True,1.099237132526455e-16,0.1,8.0
0,VID_20220217_101324_mod4_5_21.ply,21,VID_20220217_101324_mod4_7_15.ply,21,3,True,0.0010590714249181935,0.1,8.0
0,VID_20220217_101324_mod4_5_21.ply,21,VID_20220217_101324_mod4_3_17.ply,20,3,True,0.0006764175668417928,0.1,8.0
0,VID_20220217_101324_mod4_5_21.ply,21,VID_20220217_101324_mod4_8_15.ply,23,3,True,0.0030930826032991784,0.1,8.0
0,VID_20220217_101324_mod4_5_21.ply,21,VID_20220217_101324_mod4_2_15.ply,21,5,True,0.0027691627450265473,0.1,8.0
0,VID_20220217_101324_mod4_5_21.ply,21,VID_20220217_101324_mod4_18_24.ply,27,3,True,0.006962673855915723,0.1,8.0
0,VID_20220217_101324_mod4_5_21.ply,21,VID_20220217_101324_mod4_5_18.ply,22,8,True,0.002765198700367056,0.1,8.0
0,VID_20220217_101324_mod4_5_21.ply,21,VID_20220217_101324_mod4_2_23.ply,16,3,True,0.0006498517537437363,0.1,8.0
0,VID_20220217_101324_mod4_5_21.ply,21,VID_20220217_101324_mod4_11_22.ply,18,5,True,0.006987638988974583,0.1,8.0
0,VID_20220217_101324_mod4_5_21.ply,21,VID_20220217_101324_mod4_11_24.ply,18,3,True,0.0032694972866392155,0.1,8.0
0,VID_20220217_101324_mod4_5_21.ply,21,VID_20220217_101324_mod4_10_24.ply,19,6,True,0.004587660109259892,0.1,8.0
0,VID_20220217_101324_mod4_5_21.ply,21,VID_20220217_101324_mod4_3_21.ply,21,16,True,0.0033126853789299075,0.1,8.0
0,VID_20220217_101324_mod4_5_21.ply,21,VID_20220217_101324_mod4_2_19.ply,17,3,True,0.0019980436364207366,0.1,8.0
0,VID_20220217_101324_mod4_5_21.ply,21,VID_20220217_101324_mod4_10_21.ply,21,7,True,0.006074323917343729,0.1,8.0
0,VID_20220217_101324_mod4_5_21.ply,21,VID_20220217_101324_mod4_1_8.ply,32,3,True,0.0068426566433715166,0.1,8.0
0,VID_20220217_101324_mod4_5_21.ply,21,VID_20220217_101324_mod4_12_23.ply,21,3,True,0.0035319346518348092,0.1,8.0
0,VID_20220217_101324_mod4_5_21.ply,21,VID_20220217_101324_mod4_3_13.ply,26,3,True,0.0012267012738394099,0.1,8.0
0,VID_20220217_101324_mod4_5_21.ply,21,VID_20220217_101324_mod4_10_16.ply,21,3,True,0.002105222619404346,0.1,8.0
0,VID_20220217_101324_mod4_5_21.ply,21,VID_20220217_101324_mod4_6_23.ply,17,3,True,0.0008594568077161904,0.1,8.0
0,VID_20220217_101324_mod4_7_15.ply,21,VID_20220217_101324_mod4_1_23.ply,18,3,True,0.0014613676602487592,0.1,8.0
0,VID_20220217_101324_mod4_7_15.ply,21,VID_20220217_101324_mod4_5_21.ply,21,3,True,0.0014857820091253849,0.1,8.0
0,VID_20220217_101324_mod4_7_15.ply,21,VID_20220217_101324_mod4_7_15.ply,21,21,True,1.5501675563332667e-16,0.1,8.0
0,VID_20220217_101324_mod4_7_15.ply,21,VID_20220217_101324_mod4_3_17.ply,20,7,True,0.0021223837107545982,0.1,8.0
0,VID_20220217_101324_mod4_7_15.ply,21,VID_20220217_101324_mod4_8_15.ply,23,10,True,0.0036122304689702157,0.1,8.0
0,VID_20220217_101324_mod4_7_15.ply,21,VID_20220217_101324_mod4_2_15.ply,21,4,True,0.002455707800180107,0.1,8.0
0,VID_20220217_101324_mod4_7_15.ply,21,VID_20220217_101324_mod4_18_24.ply,27,4,True,0.01062328054460344,0.1,8.0
0,VID_20220217_101324_mod4_7_15.ply,21,VID_20220217_101324_mod4_5_18.ply,22,4,True,0.0029825865627332755,0.1,8.0
0,VID_20220217_101324_mod4_7_15.ply,21,VID_20220217_101324_mod4_2_23.ply,16,3,True,0.003016026831353558,0.1,8.0
0,VID_20220217_101324_mod4_7_15.ply,21,VID_20220217_101324_mod4_11_22.ply,18,3,True,0.0009472124694206558,0.1,8.0
0,VID_20220217_101324_mod4_7_15.ply,21,VID_20220217_101324_mod4_11_24.ply,18,3,True,0.0028244932349422835,0.1,8.0
0,VID_20220217_101324_mod4_7_15.ply,21,VID_20220217_101324_mod4_10_24.ply,19,3,True,0.00372283801600916,0.1,8.0
0,VID_20220217_101324_mod4_7_15.ply,21,VID_20220217_101324_mod4_3_21.ply,21,5,True,0.0027241035102827703,0.1,8.0
0,VID_20220217_101324_mod4_7_15.ply,21,VID_20220217_101324_mod4_2_19.ply,17,3,True,0.0005114337478356143,0.1,8.0
0,VID_20220217_101324_mod4_7_15.ply,21,VID_20220217_101324_mod4_10_21.ply,21,3,True,0.002677045500465881,0.1,8.0
0,VID_20220217_101324_mod4_7_15.ply,21,VID_20220217_101324_mod4_1_8.ply,32,3,True,0.019663724500033036,0.1,8.0
0,VID_20220217_101324_mod4_7_15.ply,21,VID_20220217_101324_mod4_12_23.ply,21,3,True,0.001561016167711001,0.1,8.0
0,VID_20220217_101324_mod4_7_15.ply,21,VID_20220217_101324_mod4_3_13.ply,26,11,True,0.004708558596632023,0.1,8.0
0,VID_20220217_101324_mod4_7_15.ply,21,VID_20220217_101324_mod4_10_16.ply,21,4,True,0.0031502247859045143,0.1,8.0
0,VID_20220217_101324_mod4_7_15.ply,21,VID_20220217_101324_mod4_6_23.ply,17,3,True,0.0016395520506070284,0.1,8.0
0,VID_20220217_101324_mod4_3_17.ply,20,VID_20220217_101324_mod4_1_23.ply,18,3,True,0.0023583008086843645,0.1,8.0
0,VID_20220217_101324_mod4_3_17.ply,20,VID_20220217_101324_mod4_5_21.ply,21,5,True,0.003480681511148272,0.1,8.0
0,VID_20220217_101324_mod4_3_17.ply,20,VID_20220217_101324_mod4_7_15.ply,21,9,True,0.004578254268781533,0.1,8.0
0,VID_20220217_101324_mod4_3_17.ply,20,VID_20220217_101324_mod4_3_17.ply,20,20,True,5.836246272473574e-17,0.1,8.0
0,VID_20220217_101324_mod4_3_17.ply,20,VID_20220217_101324_mod4_8_15.ply,23,4,True,0.0039336262279319745,0.1,8.0
0,VID_20220217_101324_mod4_3_17.ply,20,VID_20220217_101324_mod4_2_15.ply,21,4,True,0.0029040382440638918,0.1,8.0
0,VID_20220217_101324_mod4_3_17.ply,20,VID_20220217_101324_mod4_18_24.ply,27,3,True,0.009813624372882359,0.1,8.0
0,VID_20220217_101324_mod4_3_17.ply,20,VID_20220217_101324_mod4_5_18.ply,22,3,True,0.001590889776098935,0.1,8.0
0,VID_20220217_101324_mod4_3_17.ply,20,VID_20220217_101324_mod4_2_23.ply,16,3,True,0.00532017874242965,0.1,8.0
0,VID_20220217_101324_mod4_3_17.ply,20,VID_20220217_101324_mod4_11_22.ply,18,3,True,0.0019206492918478883,0.1,8.0
0,VID_20220217_101324_mod4_3_17.ply,20,VID_20220217_101324_mod4_11_24.ply,18,4,True,0.005152337872067643,0.1,8.0
0,VID_20220217_101324_mod4_3_17.ply,20,VID_20220217_101324_mod4_10_24.ply,19,3,True,0.0013560005894898254,0.1,8.0
0,VID_20220217_101324_mod4_3_17.ply,20,VID_20220217_101324_mod4_3_21.ply,21,3,True,0.0007459137557480973,0.1,8.0
0,VID_20220217_101324_mod4_3_17.ply,20,VID_20220217_101324_mod4_2_19.ply,17,3,True,0.0016727405845970344,0.1,8.0
0,VID_20220217_101324_mod4_3_17.ply,20,VID_20220217_101324_mod4_10_21.ply,21,3,True,0.0006679619343332123,0.1,8.0
0,VID_20220217_101324_mod4_3_17.ply,20,VID_20220217_101324_mod4_1_8.ply,32,3,True,0.0026412717037281935,0.1,8.0
0,VID_20220217_101324_mod4_3_17.ply,20,VID_20220217_101324_mod4_12_23.ply,21,3,True,0.002141408096063463,0.1,8.0
0,VID_20220217_101324_mod4_3_17.ply,20,VID_20220217_101324_mod4_3_13.ply,26,12,True,0.00409788843756445,0.1,8.0
0,VID_20220217_101324_mod4_3_17.ply,20,VID_20220217_101324_mod4_10_16.ply,21,5,True,0.004204934666320862,0.1,8.0
0,VID_20220217_101324_mod4_3_17.ply,20,VID_20220217_101324_mod4_6_23.ply,17,3,True,0.0027295494055335537,0.1,8.0
0,VID_20220217_101324_mod4_8_15.ply,23,VID_20220217_101324_mod4_1_23.ply,18,4,True,0.0021428225356155705,0.1,8.0
0,VID_20220217_101324_mod4_8_15.ply,23,VID_20220217_101324_mod4_5_21.ply,21,3,True,0.000523452088367673,0.1,8.0
0,VID_20220217_101324_mod4_8_15.ply,23,VID_20220217_101324_mod4_7_15.ply,21,10,True,0.00345814379683235,0.1,8.0
0,VID_20220217_101324_mod4_8_15.ply,23,VID_20220217_101324_mod4_3_17.ply,20,4,True,0.0023965380765229413,0.1,8.0
0,VID_20220217_101324_mod4_8_15.ply,23,VID_20220217_101324_mod4_8_15.ply,23,23,True,2.650410801023615e-16,0.1,8.0
0,VID_20220217_101324_mod4_8_15.ply,23,VID_20220217_101324_mod4_2_15.ply,21,3,True,0.0019418492311255964,0.1,8.0
0,VID_20220217_101324_mod4_8_15.ply,23,VID_20220217_101324_mod4_18_24.ply,27,3,True,0.013070122693186094,0.1,8.0
0,VID_20220217_101324_mod4_8_15.ply,23,VID_20220217_101324_mod4_5_18.ply,22,3,True,0.0006230102530048099,0.1,8.0
0,VID_20220217_101324_mod4_8_15.ply,23,VID_20220217_101324_mod4_2_23.ply,16,3,True,0.004428063808612199,0.1,8.0
0,VID_20220217_101324_mod4_8_15.ply,23,VID_20220217_101324_mod4_11_22.ply,18,3,True,0.003805578281947977,0.1,8.0
0,VID_20220217_101324_mod4_8_15.ply,23,VID_20220217_101324_mod4_11_24.ply,18,3,True,0.0003979030475813282,0.1,8.0
0,VID_20220217_101324_mod4_8_15.ply,23,VID_20220217_101324_mod4_10_24.ply,19,4,True,0.003607899045094207,0.1,8.0
0,VID_20220217_101324_mod4_8_15.ply,23,VID_20220217_101324_mod4_3_21.ply,21,3,True,0.0015763688391746387,0.1,8.0
0,VID_20220217_101324_mod4_8_15.ply,23,VID_20220217_101324_mod4_2_19.ply,17,3,True,0.0025239529751216266,0.1,8.0
0,VID_20220217_101324_mod4_8_15.ply,23,VID_20220217_101324_mod4_10_21.ply,21,3,True,0.003876105205833561,0.1,8.0
0,VID_20220217_101324_mod4_8_15.ply,23,VID_20220217_101324_mod4_1_8.ply,32,3,True,0.003624461346102696,0.1,8.0
0,VID_20220217_101324_mod4_8_15.ply,23,VID_20220217_101324_mod4_12_23.ply,21,5,True,0.004756862365328136,0.1,8.0
0,VID_20220217_101324_mod4_8_15.ply,23,VID_20220217_101324_mod4_3_13.ply,26,8,True,0.004100565260659973,0.1,8.0
0,VID_20220217_101324_mod4_8_15.ply,23,VID_20220217_101324_mod4_10_16.ply,21,8,True,0.006885664560376398,0.1,8.0
0,VID_20220217_101324_mod4_8_15.ply,23,VID_20220217_101324_mod4_6_23.ply,17,3,True,0.0036988317076503746,0.1,8.0
0,VID_20220217_101324_mod4_2_15.ply,21,VID_20220217_101324_mod4_1_23.ply,18,3,True,0.0012270676390075275,0.1,8.0
0,VID_20220217_101324_mod4_2_15.ply,21,VID_20220217_101324_mod4_5_21.ply,21,5,True,0.0027358697194293405,0.1,8.0
0,VID_20220217_101324_mod4_2_15.ply,21,VID_20220217_101324_mod4_7_15.ply,21,4,True,0.0030162805773031698,0.1,8.0
0,VID_20220217_101324_mod4_2_15.ply,21,VID_20220217_101324_mod4_3_17.ply,20,4,True,0.002326441124092874,0.1,8.0
0,VID_20220217_101324_mod4_2_15.ply,21,VID_20220217_101324_mod4_8_15.ply,23,3,True,0.0033594320096436412,0.1,8.0
0,VID_20220217_101324_mod4_2_15.ply,21,VID_20220217_101324_mod4_2_15.ply,21,21,True,1.2039884172515018e-16,0.1,8.0
0,VID_20220217_101324_mod4_2_15.ply,21,VID_20220217_101324_mod4_18_24.ply,27,3,True,0.005583172397219516,0.1,8.0
0,VID_20220217_101324_mod4_2_15.ply,21,VID_20220217_101324_mod4_5_18.ply,22,8,True,0.0036067283075308008,0.1,8.0
0,VID_20220217_101324_mod4_2_15.ply,21,VID_20220217_101324_mod4_2_23.ply,16,3,True,0.0006896915156185067,0.1,8.0
0,VID_20220217_101324_mod4_2_15.ply,21,VID_20220217_101324_mod4_11_22.ply,18,3,True,0.0023741818132092495,0.1,8.0
0,VID_20220217_101324_mod4_2_15.ply,21,VID_20220217_101324_mod4_11_24.ply,18,3,True,0.00446530838755225,0.1,8.0
0,VID_20220217_101324_mod4_2_15.ply,21,VID_20220217_101324_mod4_10_24.ply,19,3,True,0.0007277620525530134,0.1,8.0
0,VID_20220217_101324_mod4_2_15.ply,21,VID_20220217_101324_mod4_3_21.ply,21,9,True,0.0028445728891114516,0.1,8.0
0,VID_20220217_101324_mod4_2_15.ply,21,VID_20220217_101324_mod4_2_19.ply,17,3,True,0.0005889257191499805,0.1,8.0
0,VID_20220217_101324_mod4_2_15.ply,21,VID_20220217_101324_mod4_10_21.ply,21,3,True,0.0039628826339507565,0.1,8.0
0,VID_20220217_101324_mod4_2_15.ply,21,VID_20220217_101324_mod4_1_8.ply,32,3,True,0.008335762957776969,0.1,8.0
0,VID_20220217_101324_mod4_2_15.ply,21,VID_20220217_101324_mod4_12_23.ply,21,3,True,0.0014707218142707102,0.1,8.0
0,VID_20220217_101324_mod4_2_15.ply,21,VID_20220217_101324_mod4_3_13.ply,26,6,True,0.0017144744860225782,0.1,8.0
0,VID_20220217_101324_mod4_2_15.ply,21,VID_20220217_101324_mod4_10_16.ply,21,3,True,0.0021280459827475785,0.1,8.0
0,VID_20220217_101324_mod4_2_15.ply,21,VID_20220217_101324_mod4_6_23.ply,17,3,True,0.002341126958437576,0.1,8.0
0,VID_20220217_101324_mod4_18_24.ply,27,VID_20220217_101324_mod4_1_23.ply,18,3,True,0.0010950935831088274,0.1,8.0
0,VID_20220217_101324_mod4_18_24.ply,27,VID_20220217_101324_mod4_5_21.ply,21,3,True,0.000504225175456991,0.1,8.0
0,VID_20220217_101324_mod4_18_24.ply,27,VID_20220217_101324_mod4_7_15.ply,21,4,True,0.0026101550244025493,0.1,8.0
0,VID_20220217_101324_mod4_18_24.ply,27,VID_20220217_101324_mod4_3_17.ply,20,3,True,0.0018307272071228812,0.1,8.0
0,VID_20220217_101324_mod4_18_24.ply,27,VID_20220217_101324_mod4_8_15.ply,23,3,True,0.004801922983095976,0.1,8.0
0,VID_20220217_101324_mod4_18_24.ply,27,VID_20220217_101324_mod4_2_15.ply,21,3,True,0.0010006800268065736,0.1,8.0
0,VID_20220217_101324_mod4_18_24.ply,27,VID_20220217_101324_mod4_18_24.ply,27,27,True,5.115082816635231e-16,0.1,8.0
0,VID_20220217_101324_mod4_18_24.ply,27,VID_20220217_101324_mod4_5_18.ply,22,3,True,0.0013365849681696903,0.1,8.0
0,VID_20220217_101324_mod4_18_24.ply,27,VID_20220217_101324_mod4_2_23.ply,16,3,True,0.0018652546335395058,0.1,8.0
0,VID_20220217_101324_mod4_18_24.ply,27,VID_20220217_101324_mod4_11_22.ply,18,3,True,0.0014068365062653197,0.1,8.0
0,VID_20220217_101324_mod4_18_24.ply,27,VID_20220217_101324_mod4_11_24.ply,18,3,True,0.0013837357503416207,0.1,8.0
0,VID_20220217_101324_mod4_18_24.ply,27,VID_20220217_101324_mod4_10_24.ply,19,3,True,0.005144835064847997,0.1,8.0
0,VID_20220217_101324_mod4_18_24.ply,27,VID_20220217_101324_mod4_3_21.ply,21,3,True,0.0005397970447414173,0.1,8.0
0,VID_20220217_101324_mod4_18_24.ply,27,VID_20220217_101324_mod4_2_19.ply,17,3,True,0.0013845636430121282,0.1,8.0
0,VID_20220217_101324_mod4_18_24.ply,27,VID_20220217_101324_mod4_10_21.ply,21,3,True,0.003594999661824225,0.1,8.0
0,VID_20220217_101324_mod4_18_24.ply,27,VID_20220217_101324_mod4_1_8.ply,32,3,True,0.006147685983349394,0.1,8.0
0,VID_20220217_101324_mod4_18_24.ply,27,VID_20220217_101324_mod4_12_23.ply,21,3,True,0.004746460312552422,0.1,8.0
0,VID_20220217_101324_mod4_18_24.ply,27,VID_20220217_101324_mod4_3_13.ply,26,3,True,0.0023640286064206526,0.1,8.0
0,VID_20220217_101324_mod4_18_24.ply,27,VID_20220217_101324_mod4_10_16.ply,21,3,True,0.003989089435270746,0.1,8.0
0,VID_20220217_101324_mod4_18_24.ply,27,VID_20220217_101324_mod4_6_23.ply,17,3,True,0.003278347573393686,0.1,8.0
0,VID_20220217_101324_mod4_5_18.ply,22,VID_20220217_101324_mod4_1_23.ply,18,3,True,0.0015588113134650827,0.1,8.0
0,VID_20220217_101324_mod4_5_18.ply,22,VID_20220217_101324_mod4_5_21.ply,21,8,True,0.002815008131520712,0.1,8.0
0,VID_20220217_101324_mod4_5_18.ply,22,VID_20220217_101324_mod4_7_15.ply,21,3,True,0.00020367140675828452,0.1,8.0
0,VID_20220217_101324_mod4_5_18.ply,22,VID_20220217_101324_mod4_3_17.ply,20,3,True,0.0008748982006985302,0.1,8.0
0,VID_20220217_101324_mod4_5_18.ply,22,VID_20220217_101324_mod4_8_15.ply,23,3,True,0.002704743836515858,0.1,8.0
0,VID_20220217_101324_mod4_5_18.ply,22,VID_20220217_101324_mod4_2_15.ply,21,5,True,0.001738941060614904,0.1,8.0
0,VID_20220217_101324_mod4_5_18.ply,22,VID_20220217_101324_mod4_18_24.ply,27,3,True,0.008820380184763449,0.1,8.0
0,VID_20220217_101324_mod4_5_18.ply,22,VID_20220217_101324_mod4_5_18.ply,22,22,True,1.3296655369406954e-16,0.1,8.0
0,VID_20220217_101324_mod4_5_18.ply,22,VID_20220217_101324_mod4_2_23.ply,16,3,True,0.004824118163916899,0.1,8.0
0,VID_20220217_101324_mod4_5_18.ply,22,VID_20220217_101324_mod4_11_22.ply,18,4,True,0.003275131167218943,0.1,8.0
0,VID_20220217_101324_mod4_5_18.ply,22,VID_20220217_101324_mod4_11_24.ply,18,3,True,0.003562765284665044,0.1,8.0
0,VID_20220217_101324_mod4_5_18.ply,22,VID_20220217_101324_mod4_10_24.ply,19,3,True,0.003015294778701487,0.1,8.0
0,VID_20220217_101324_mod4_5_18.ply,22,VID_20220217_101324_mod4_3_21.ply,21,5,True,0.0020420013746584417,0.1,8.0
0,VID_20220217_101324_mod4_5_18.ply,22,VID_20220217_101324_mod4_2_19.ply,17,3,True,0.0023222822434492427,0.1,8.0
0,VID_20220217_101324_mod4_5_18.ply,22,VID_20220217_101324_mod4_10_21.ply,21,4,True,0.002288033347837633,0.1,8.0
0,VID_20220217_101324_mod4_5_18.ply,22,VID_20220217_101324_mod4_1_8.ply,32,3,True,0.001269659129576928,0.1,8.0
0,VID_20220217_101324_mod4_5_18.ply,22,VID_20220217_101324_mod4_12_23.ply,21,3,True,0.004267642551064008,0.1,8.0
0,VID_20220217_101324_mod4_5_18.ply,22,VID_20220217_101324_mod4_3_13.ply,26,4,True,0.0012953560306793674,0.1,8.0
0,VID_20220217_101324_mod4_5_18.ply,22,VID_20220217_101324_mod4_10_16.ply,21,3,True,0.002319801158666865,0.1,8.0
0,VID_20220217_101324_mod4_5_18.ply,22,VID_20220217_101324_mod4_6_23.ply,17,3,True,0.001725644051986971,0.1,8.0
0,VID_20220217_101324_mod4_2_23.ply,16,VID_20220217_101324_mod4_1_23.ply,18,5,True,0.003033472056163252,0.1,8.0
0,VID_20220217_101324_mod4_2_23.ply,16,VID_20220217_101324_mod4_5_21.ply,21,3,True,0.003758092107798887,0.1,8.0
0,VID_20220217_101324_mod4_2_23.ply,16,VID_20220217_101324_mod4_7_15.ply,21,3,True,0.003837070721585166,0.1,8.0
0,VID_20220217_101324_mod4_2_23.ply,16,VID_20220217_101324_mod4_3_17.ply,20,3,True,0.0016010976788274343,0.1,8.0
0,VID_20220217_101324_mod4_2_23.ply,16,VID_20220217_101324_mod4_8_15.ply,23,3,True,0.0020198293410313194,0.1,8.0
0,VID_20220217_101324_mod4_2_23.ply,16,VID_20220217_101324_mod4_2_15.ply,21,3,True,0.0003579591890629181,0.1,8.0
0,VID_20220217_101324_mod4_2_23.ply,16,VID_20220217_101324_mod4_18_24.ply,27,3,True,0.020011663445835052,0.1,8.0
0,VID_20220217_101324_mod4_2_23.ply,16,VID_20220217_101324_mod4_5_18.ply,22,3,True,0.0007442998421364821,0.1,8.0
0,VID_20220217_101324_mod4_2_23.ply,16,VID_20220217_101324_mod4_2_23.ply,16,16,True,2.413501779970251e-16,0.1,8.0
0,VID_20220217_101324_mod4_2_23.ply,16,VID_20220217_101324_mod4_11_22.ply,18,3,True,0.005783004521361176,0.1,8.0
0,VID_20220217_101324_mod4_2_23.ply,16,VID_20220217_101324_mod4_11_24.ply,18,3,True,0.0007410215471213835,0.1,8.0
0,VID_20220217_101324_mod4_2_23.ply,16,VID_20220217_101324_mod4_10_24.ply,19,3,True,0.0008005399400856214,0.1,8.0
0,VID_20220217_101324_mod4_2_23.ply,16,VID_20220217_101324_mod4_3_21.ply,21,3,True,0.0005398288806204521,0.1,8.0
0,VID_20220217_101324_mod4_2_23.ply,16,VID_20220217_101324_mod4_2_19.ply,17,3,True,0.0037672324075835382,0.1,8.0
0,VID_20220217_101324_mod4_2_23.ply,16,VID_20220217_101324_mod4_10_21.ply,21,3,True,0.0024282101993118063,0.1,8.0
0,VID_20220217_101324_mod4_2_23.ply,16,VID_20220217_101324_mod4_1_8.ply,32,3,True,0.008578773551285394,0.1,8.0
0,VID_20220217_101324_mod4_2_23.ply,16,VID_20220217_101324_mod4_12_23.ply,21,4,True,0.00771695255443449,0.1,8.0
0,VID_20220217_101324_mod4_2_23.ply,16,VID_20220217_101324_mod4_3_13.ply,26,3,True,0.0020383428172696927,0.1,8.0
0,VID_20220217_101324_mod4_2_23.ply,16,VID_20220217_101324_mod4_10_16.ply,21,3,True,0.006385405546830163,0.1,8.0
0,VID_20220217_101324_mod4_2_23.ply,16,VID_20220217_101324_mod4_6_23.ply,17,3,True,0.003863569853643914,0.1,8.0
0,VID_20220217_101324_mod4_11_22.ply,18,VID_20220217_101324_mod4_1_23.ply,18,3,True,0.0016888035310086901,0.1,8.0
0,VID_20220217_101324_mod4_11_22.ply,18,VID_20220217_101324_mod4_5_21.ply,21,4,True,0.0015851244246465296,0.1,8.0
0,VID_20220217_101324_mod4_11_22.ply,18,VID_20220217_101324_mod4_7_15.ply,21,3,True,0.0009324509702771812,0.1,8.0
0,VID_20220217_101324_mod4_11_22.ply,18,VID_20220217_101324_mod4_3_17.ply,20,3,True,0.0009672950228276123,0.1,8.0
0,VID_20220217_101324_mod4_11_22.ply,18,VID_20220217_101324_mod4_8_15.ply,23,3,True,0.0008773845616432682,0.1,8.0
0,VID_20220217_101324_mod4_11_22.ply,18,VID_20220217_101324_mod4_2_15.ply,21,3,True,0.002261238300033335,0.1,8.0
0,VID_20220217_101324_mod4_11_22.ply,18,VID_20220217_101324_mod4_18_24.ply,27,3,True,0.007880764796544176,0.1,8.0
0,VID_20220217_101324_mod4_11_22.ply,18,VID_20220217_101324_mod4_5_18.ply,22,4,True,0.0021368500346868645,0.1,8.0
0,VID_20220217_101324_mod4_11_22.ply,18,VID_20220217_101324_mod4_2_23.ply,16,3,True,0.0007129273891665385,0.1,8.0
0,VID_20220217_101324_mod4_11_22.ply,18,VID_20220217_101324_mod4_11_22.ply,18,18,True,1.5929759099754625e-16,0.1,8.0
0,VID_20220217_101324_mod4_11_22.ply,18,VID_20220217_101324_mod4_11_24.ply,18,3,True,0.002673790530553721,0.1,8.0
0,VID_20220217_101324_mod4_11_22.ply,18,VID_20220217_101324_mod4_10_24.ply,19,2,True,9.008222151866987e-18,0.1,8.0
0,VID_20220217_101324_mod4_11_22.ply,18,VID_20220217_101324_mod4_3_21.ply,21,3,True,0.0011456080739437502,0.1,8.0
0,VID_20220217_101324_mod4_11_22.ply,18,VID_20220217_101324_mod4_2_19.ply,17,3,True,0.0016535060776941227,0.1,8.0
0,VID_20220217_101324_mod4_11_22.ply,18,VID_20220217_101324_mod4_10_21.ply,21,3,True,0.0018922068393352818,0.1,8.0
0,VID_20220217_101324_mod4_11_22.ply,18,VID_20220217_101324_mod4_1_8.ply,32,3,True,0.010791204069435723,0.1,8.0
0,VID_20220217_101324_mod4_11_22.ply,18,VID_20220217_101324_mod4_12_23.ply,21,3,True,0.004059549609843599,0.1,8.0
0,VID_20220217_101324_mod4_11_22.ply,18,VID_20220217_101324_mod4_3_13.ply,26,3,True,0.0022096824545225014,0.1,8.0
0,VID_20220217_101324_mod4_11_22.ply,18,VID_20220217_101324_mod4_10_16.ply,21,3,True,0.002358406515242306,0.1,8.0
0,VID_20220217_101324_mod4_11_22.ply,18,VID_20220217_101324_mod4_6_23.ply,17,3,True,0.00347689119448844,0.1,8.0
0,VID_20220217_101324_mod4_11_24.ply,18,VID_20220217_101324_mod4_1_23.ply,18,3,True,0.0010492156335470766,0.1,8.0
0,VID_20220217_101324_mod4_11_24.ply,18,VID_20220217_101324_mod4_5_21.ply,21,3,True,0.0004792815795878006,0.1,8.0
0,VID_20220217_101324_mod4_11_24.ply,18,VID_20220217_101324_mod4_7_15.ply,21,3,True,0.0004629478449099885,0.1,8.0
0,VID_20220217_101324_mod4_11_24.ply,18,VID_20220217_101324_mod4_3_17.ply,20,3,True,0.0025488685287011065,0.1,8.0
0,VID_20220217_101324_mod4_11_24.ply,18,VID_20220217_101324_mod4_8_15.ply,23,3,True,0.002459700560182759,0.1,8.0
0,VID_20220217_101324_mod4_11_24.ply,18,VID_20220217_101324_mod4_2_15.ply,21,3,True,0.00011200366033475663,0.1,8.0
0,VID_20220217_101324_mod4_11_24.ply,18,VID_20220217_101324_mod4_18_24.ply,27,3,True,0.006317495644081454,0.1,8.0
0,VID_20220217_101324_mod4_11_24.ply,18,VID_20220217_101324_mod4_5_18.ply,22,3,True,0.0006886768183633008,0.1,8.0
0,VID_20220217_101324_mod4_11_24.ply,18,VID_20220217_101324_mod4_2_23.ply,16,3,True,0.0008070135095398709,0.1,8.0
0,VID_20220217_101324_mod4_11_24.ply,18,VID_20220217_101324_mod4_11_22.ply,18,3,True,0.002327883564949655,0.1,8.0
0,VID_20220217_101324_mod4_11_24.ply,18,VID_20220217_101324_mod4_11_24.ply,18,18,True,8.234494771173292e-17,0.1,8.0
0,VID_20220217_101324_mod4_11_24.ply,18,VID_20220217_101324_mod4_10_24.ply,19,3,True,0.0025566365832321693,0.1,8.0
0,VID_20220217_101324_mod4_11_24.ply,18,VID_20220217_101324_mod4_3_21.ply,21,3,True,0.0007111796611670151,0.1,8.0
0,VID_20220217_101324_mod4_11_24.ply,18,VID_20220217_101324_mod4_2_19.ply,17,3,True,0.0014070271998469122,0.1,8.0
0,VID_20220217_101324_mod4_11_24.ply,18,VID_20220217_101324_mod4_10_21.ply,21,3,True,0.001119266534817608,0.1,8.0
0,VID_20220217_101324_mod4_11_24.ply,18,VID_20220217_101324_mod4_1_8.ply,32,3,True,0.01828594923376688,0.1,8.0
0,VID_20220217_101324_mod4_11_24.ply,18,VID_20220217_101324_mod4_12_23.ply,21,2,True,3.6745559535746825e-17,0.1,8.0
0,VID_20220217_101324_mod4_11_24.ply,18,VID_20220217_101324_mod4_3_13.ply,26,3,True,0.0011074432406868592,0.1,8.0
0,VID_20220217_101324_mod4_11_24.ply,18,VID_20220217_101324_mod4_10_16.ply,21,2,True,2.8196272642464126e-17,0.1,8.0
0,VID_20220217_101324_mod4_11_24.ply,18,VID_20220217_101324_mod4_6_23.ply,17,3,True,0.000825084488447683,0.1,8.0
0,VID_20220217_101324_mod4_10_24.ply,19,VID_20220217_101324_mod4_1_23.ply,18,3,True,0.0014402726057088431,0.1,8.0
0,VID_20220217_101324_mod4_10_24.ply,19,VID_20220217_101324_mod4_5_21.ply,21,6,True,0.004185236526712131,0.1,8.0
0,VID_20220217_101324_mod4_10_24.ply,19,VID_20220217_101324_mod4_7_15.ply,21,3,True,0.0031216497777099474,0.1,8.0
0,VID_20220217_101324_mod4_10_24.ply,19,VID_20220217_101324_mod4_3_17.ply,20,3,True,0.001682106616792182,0.1,8.0
0,VID_20220217_101324_mod4_10_24.ply,19,VID_20220217_101324_mod4_8_15.ply,23,4,True,0.004247974626732334,0.1,8.0
0,VID_20220217_101324_mod4_10_24.ply,19,VID_20220217_101324_mod4_2_15.ply,21,3,True,0.0014202911964718375,0.1,8.0
0,VID_20220217_101324_mod4_10_24.ply,19,VID_20220217_101324_mod4_18_24.ply,27,4,True,0.017233464682433603,0.1,8.0
0,VID_20220217_101324_mod4_10_24.ply,19,VID_20220217_101324_mod4_5_18.ply,22,4,True,0.001918909822192029,0.1,8.0
0,VID_20220217_101324_mod4_10_24.ply,19,VID_20220217_101324_mod4_2_23.ply,16,3,True,0.0029128328462541277,0.1,8.0
0,VID_20220217_101324_mod4_10_24.ply,19,VID_20220217_101324_mod4_11_22.ply,18,3,True,0.0048450113437086845,0.1,8.0
0,VID_20220217_101324_mod4_10_24.ply,19,VID_20220217_101324_mod4_11_24.ply,18,10,True,0.005073885269525053,0.1,8.0
0,VID_20220217_101324_mod4_10_24.ply,19,VID_20220217_101324_mod4_10_24.ply,19,19,True,1.697862934581603e-16,0.1,8.0
0,VID_20220217_101324_mod4_10_24.ply,19,VID_20220217_101324_mod4_3_21.ply,21,4,True,0.0015691984449855085,0.1,8.0
0,VID_20220217_101324_mod4_10_24.ply,19,VID_20220217_101324_mod4_2_19.ply,17,3,True,0.0006222697220340354,0.1,8.0
0,VID_20220217_101324_mod4_10_24.ply,19,VID_20220217_101324_mod4_10_21.ply,21,9,True,0.006462879693901227,0.1,8.0
0,VID_20220217_101324_mod4_10_24.ply,19,VID_20220217_101324_mod4_1_8.ply,32,3,True,0.01980110021140199,0.1,8.0
0,VID_20220217_101324_mod4_10_24.ply,19,VID_20220217_101324_mod4_12_23.ply,21,6,True,0.00800563571828337,0.1,8.0
0,VID_20220217_101324_mod4_10_24.ply,19,VID_20220217_101324_mod4_3_13.ply,26,3,True,0.0028896220729638673,0.1,8.0
0,VID_20220217_101324_mod4_10_24.ply,19,VID_20220217_101324_mod4_10_16.ply,21,3,True,0.0021466388892566178,0.1,8.0
0,VID_20220217_101324_mod4_10_24.ply,19,VID_20220217_101324_mod4_6_23.ply,17,3,True,0.0011336150568647782,0.1,8.0
0,VID_20220217_101324_mod4_3_21.ply,21,VID_20220217_101324_mod4_1_23.ply,18,10,True,0.0032087246213381793,0.1,8.0
0,VID_20220217_101324_mod4_3_21.ply,21,VID_20220217_101324_mod4_5_21.ply,21,16,True,0.004024986351139717,0.1,8.0
0,VID_20220217_101324_mod4_3_21.ply,21,VID_20220217_101324_mod4_7_15.ply,21,6,True,0.005884042201933004,0.1,8.0
0,VID_20220217_101324_mod4_3_21.ply,21,VID_20220217_101324_mod4_3_17.ply,20,5,True,0.00403886176929268,0.1,8.0
0,VID_20220217_101324_mod4_3_21.ply,21,VID_20220217_101324_mod4_8_15.ply,23,4,True,0.0027044552726931165,0.1,8.0
0,VID_20220217_101324_mod4_3_21.ply,21,VID_20220217_101324_mod4_2_15.ply,21,12,True,0.004705559227739305,0.1,8.0
0,VID_20220217_101324_mod4_3_21.ply,21,VID_20220217_101324_mod4_18_24.ply,27,3,True,0.005883402482260305,0.1,8.0
0,VID_20220217_101324_mod4_3_21.ply,21,VID_20220217_101324_mod4_5_18.ply,22,7,True,0.0037431164211418704,0.1,8.0
0,VID_20220217_101324_mod4_3_21.ply,21,VID_20220217_101324_mod4_2_23.ply,16,3,True,0.0012249945133195595,0.1,8.0
0,VID_20220217_101324_mod4_3_21.ply,21,VID_20220217_101324_mod4_11_22.ply,18,3,True,0.0024655388230973045,0.1,8.0
0,VID_20220217_101324_mod4_3_21.ply,21,VID_20220217_101324_mod4_11_24.ply,18,3,True,0.0010279522291395382,0.1,8.0
0,VID_20220217_101324_mod4_3_21.ply,21,VID_20220217_101324_mod4_10_24.ply,19,6,True,0.004173415844049738,0.1,8.0
0,VID_20220217_101324_mod4_3_21.ply,21,VID_20220217_101324_mod4_3_21.ply,21,21,True,4.904006276556666e-17,0.1,8.0
0,VID_20220217_101324_mod4_3_21.ply,21,VID_20220217_101324_mod4_2_19.ply,17,3,True,0.0017889678982557528,0.1,8.0
0,VID_20220217_101324_mod4_3_21.ply,21,VID_20220217_101324_mod4_10_21.ply,21,11,True,0.0063759636836042575,0.1,8.0
0,VID_20220217_101324_mod4_3_21.ply,21,VID_20220217_101324_mod4_1_8.ply,32,3,True,0.009995332552325027,0.1,8.0
0,VID_20220217_101324_mod4_3_21.ply,21,VID_20220217_101324_mod4_12_23.ply,21,5,True,0.006545814113140463,0.1,8.0
0,VID_20220217_101324_mod4_3_21.ply,21,VID_20220217_101324_mod4_3_13.ply,26,11,True,0.0045923695215018545,0.1,8.0
0,VID_20220217_101324_mod4_3_21.ply,21,VID_20220217_101324_mod4_10_16.ply,21,3,True,0.0023678889892319054,0.1,8.0
0,VID_20220217_101324_mod4_3_21.ply,21,VID_20220217_101324_mod4_6_23.ply,17,3,True,0.0013765489164111117,0.1,8.0
0,VID_20220217_101324_mod4_2_19.ply,17,VID_20220217_101324_mod4_1_23.ply,18,3,True,0.0031526066931593815,0.1,8.0
0,VID_20220217_101324_mod4_2_19.ply,17,VID_20220217_101324_mod4_5_21.ply,21,3,True,0.0023894310852749846,0.1,8.0
0,VID_20220217_101324_mod4_2_19.ply,17,VID_20220217_101324_mod4_7_15.ply,21,3,True,0.0022571235421257963,0.1,8.0
0,VID_20220217_101324_mod4_2_19.ply,17,VID_20220217_101324_mod4_3_17.ply,20,3,True,0.0027994161842404175,0.1,8.0
0,VID_20220217_101324_mod4_2_19.ply,17,VID_20220217_101324_mod4_8_15.ply,23,3,True,0.004307196895373666,0.1,8.0
0,VID_20220217_101324_mod4_2_19.ply,17,VID_20220217_101324_mod4_2_15.ply,21,3,True,0.0012287241804369658,0.1,8.0
0,VID_20220217_101324_mod4_2_19.ply,17,VID_20220217_101324_mod4_18_24.ply,27,3,True,0.009939002652472285,0.1,8.0
0,VID_20220217_101324_mod4_2_19.ply,17,VID_20220217_101324_mod4_5_18.ply,22,3,True,0.001559120869699827,0.1,8.0
0,VID_20220217_101324_mod4_2_19.ply,17,VID_20220217_101324_mod4_2_23.ply,16,2,True,4.3567253573728735e-17,0.1,8.0
0,VID_20220217_101324_mod4_2_19.ply,17,VID_20220217_101324_mod4_11_22.ply,18,4,True,0.004445586388387119,0.1,8.0
0,VID_20220217_101324_mod4_2_19.ply,17,VID_20220217_101324_mod4_11_24.ply,18,3,True,0.002988786403645911,0.1,8.0
0,VID_20220217_101324_mod4_2_19.ply,17,VID_20220217_101324_mod4_10_24.ply,19,3,True,0.001230937649214607,0.1,8.0
0,VID_20220217_101324_mod4_2_19.ply,17,VID_20220217_101324_mod4_3_21.ply,21,3,True,0.0012781440119397816,0.1,8.0
0,VID_20220217_101324_mod4_2_19.ply,17,VID_20220217_101324_mod4_2_19.ply,17,17,True,1.881672628775317e-16,0.1,8.0
0,VID_20220217_101324_mod4_2_19.ply,17,VID_20220217_101324_mod4_10_21.ply,21,3,True,0.0018459299023224716,0.1,8.0
0,VID_20220217_101324_mod4_2_19.ply,17,VID_20220217_101324_mod4_1_8.ply,32,3,True,0.0073729295447609354,0.1,8.0
0,VID_20220217_101324_mod4_2_19.ply,17,VID_20220217_101324_mod4_12_23.ply,21,3,True,0.001569818032191609,0.1,8.0
0,VID_20220217_101324_mod4_2_19.ply,17,VID_20220217_101324_mod4_3_13.ply,26,3,True,0.0017199110705205757,0.1,8.0
0,VID_20220217_101324_mod4_2_19.ply,17,VID_20220217_101324_mod4_10_16.ply,21,3,True,0.0014387942525894047,0.1,8.0
0,VID_20220217_101324_mod4_2_19.ply,17,VID_20220217_101324_mod4_6_23.ply,17,3,True,0.0008640606256450275,0.1,8.0
0,VID_20220217_101324_mod4_10_21.ply,21,VID_20220217_101324_mod4_1_23.ply,18,5,True,0.001800643646780433,0.1,8.0
0,VID_20220217_101324_mod4_10_21.ply,21,VID_20220217_101324_mod4_5_21.ply,21,6,True,0.003382821772853812,0.1,8.0
0,VID_20220217_101324_mod4_10_21.ply,21,VID_20220217_101324_mod4_7_15.ply,21,3,True,0.0024540822099290266,0.1,8.0
0,VID_20220217_101324_mod4_10_21.ply,21,VID_20220217_101324_mod4_3_17.ply,20,3,True,0.0022651236453572836,0.1,8.0
0,VID_20220217_101324_mod4_10_21.ply,21,VID_20220217_101324_mod4_8_15.ply,23,3,True,0.00548229896331215,0.1,8.0
0,VID_20220217_101324_mod4_10_21.ply,21,VID_20220217_101324_mod4_2_15.ply,21,4,True,0.0046739222866502795,0.1,8.0
0,VID_20220217_101324_mod4_10_21.ply,21,VID_20220217_101324_mod4_18_24.ply,27,3,True,0.016950254738911798,0.1,8.0
0,VID_20220217_101324_mod4_10_21.ply,21,VID_20220217_101324_mod4_5_18.ply,22,5,True,0.0026740166190102276,0.1,8.0
0,VID_20220217_101324_mod4_10_21.ply,21,VID_20220217_101324_mod4_2_23.ply,16,3,True,0.003298991089251411,0.1,8.0
0,VID_20220217_101324_mod4_10_21.ply,21,VID_20220217_101324_mod4_11_22.ply,18,3,True,0.0037101211799985033,0.1,8.0
0,VID_20220217_101324_mod4_10_21.ply,21,VID_20220217_101324_mod4_11_24.ply,18,7,True,0.004106594535870951,0.1,8.0
0,VID_20220217_101324_mod4_10_21.ply,21,VID_20220217_101324_mod4_10_24.ply,19,9,True,0.004761508720967497,0.1,8.0
0,VID_20220217_101324_mod4_10_21.ply,21,VID_20220217_101324_mod4_3_21.ply,21,10,True,0.0029968053860841485,0.1,8.0
0,VID_20220217_101324_mod4_10_21.ply,21,VID_20220217_101324_mod4_2_19.ply,17,3,True,0.0008669952359200387,0.1,8.0
0,VID_20220217_101324_mod4_10_21.ply,21,VID_20220217_101324_mod4_10_21.ply,21,21,True,1.80600471578216e-16,0.1,8.0
0,VID_20220217_101324_mod4_10_21.ply,21,VID_20220217_101324_mod4_1_8.ply,32,3,True,0.013455905665631597,0.1,8.0
0,VID_20220217_101324_mod4_10_21.ply,21,VID_20220217_101324_mod4_12_23.ply,21,3,True,0.0030122402536563353,0.1,8.0
0,VID_20220217_101324_mod4_10_21.ply,21,VID_20220217_101324_mod4_3_13.ply,26,4,True,0.0016751835802445202,0.1,8.0
0,VID_20220217_101324_mod4_10_21.ply,21,VID_20220217_101324_mod4_10_16.ply,21,3,True,0.0026874358511563383,0.1,8.0
0,VID_20220217_101324_mod4_10_21.ply,21,VID_20220217_101324_mod4_6_23.ply,17,3,True,0.0020744310259132905,0.1,8.0
0,VID_20220217_101324_mod4_1_8.ply,32,VID_20220217_101324_mod4_1_23.ply,18,3,True,0.002430023021368799,0.1,8.0
0,VID_20220217_101324_mod4_1_8.ply,32,VID_20220217_101324_mod4_5_21.ply,21,3,True,0.00130248979655626,0.1,8.0
0,VID_20220217_101324_mod4_1_8.ply,32,VID_20220217_101324_mod4_7_15.ply,21,3,True,0.001197304887092924,0.1,8.0
0,VID_20220217_101324_mod4_1_8.ply,32,VID_20220217_101324_mod4_3_17.ply,20,3,True,0.0011886796554842283,0.1,8.0
0,VID_20220217_101324_mod4_1_8.ply,32,VID_20220217_101324_mod4_8_15.ply,23,3,True,0.004256436664100351,0.1,8.0
0,VID_20220217_101324_mod4_1_8.ply,32,VID_20220217_101324_mod4_2_15.ply,21,4,True,0.003680526039676782,0.1,8.0
0,VID_20220217_101324_mod4_1_8.ply,32,VID_20220217_101324_mod4_18_24.ply,27,3,True,0.014152971795320275,0.1,8.0
0,VID_20220217_101324_mod4_1_8.ply,32,VID_20220217_101324_mod4_5_18.ply,22,3,True,0.0006549441020243585,0.1,8.0
0,VID_20220217_101324_mod4_1_8.ply,32,VID_20220217_101324_mod4_2_23.ply,16,3,True,0.005259907535327918,0.1,8.0
0,VID_20220217_101324_mod4_1_8.ply,32,VID_20220217_101324_mod4_11_22.ply,18,4,True,0.0041541957711982045,0.1,8.0
0,VID_20220217_101324_mod4_1_8.ply,32,VID_20220217_101324_mod4_11_24.ply,18,3,True,0.0023242665113281332,0.1,8.0
0,VID_20220217_101324_mod4_1_8.ply,32,VID_20220217_101324_mod4_10_24.ply,19,3,True,0.003935990783710666,0.1,8.0
0,VID_20220217_101324_mod4_1_8.ply,32,VID_20220217_101324_mod4_3_21.ply,21,3,True,0.001511448070391013,0.1,8.0
0,VID_20220217_101324_mod4_1_8.ply,32,VID_20220217_101324_mod4_2_19.ply,17,3,True,0.005257875767827213,0.1,8.0
0,VID_20220217_101324_mod4_1_8.ply,32,VID_20220217_101324_mod4_10_21.ply,21,3,True,0.006173734753172975,0.1,8.0
0,VID_20220217_101324_mod4_1_8.ply,32,VID_20220217_101324_mod4_1_8.ply,32,32,True,5.157564651175438e-16,0.1,8.0
0,VID_20220217_101324_mod4_1_8.ply,32,VID_20220217_101324_mod4_12_23.ply,21,3,True,0.007133346251510888,0.1,8.0
0,VID_20220217_101324_mod4_1_8.ply,32,VID_20220217_101324_mod4_3_13.ply,26,4,True,0.0037543189762130748,0.1,8.0
0,VID_20220217_101324_mod4_1_8.ply,32,VID_20220217_101324_mod4_10_16.ply,21,4,True,0.004860128614931531,0.1,8.0
0,VID_20220217_101324_mod4_1_8.ply,32,VID_20220217_101324_mod4_6_23.ply,17,3,True,0.002909532840173289,0.1,8.0
0,VID_20220217_101324_mod4_12_23.ply,21,VID_20220217_101324_mod4_1_23.ply,18,8,True,0.0017465982701854658,0.1,8.0
0,VID_20220217_101324_mod4_12_23.ply,21,VID_20220217_101324_mod4_5_21.ply,21,3,True,0.002605109763025985,0.1,8.0
0,VID_20220217_101324_mod4_12_23.ply,21,VID_20220217_101324_mod4_7_15.ply,21,3,True,0.0013134709257203682,0.1,8.0
0,VID_20220217_101324_mod4_12_23.ply,21,VID_20220217_101324_mod4_3_17.ply,20,3,True,0.0025032978404074726,0.1,8.0
0,VID_20220217_101324_mod4_12_23.ply,21,VID_20220217_101324_mod4_8_15.ply,23,3,True,0.0005630948559769641,0.1,8.0
0,VID_20220217_101324_mod4_12_23.ply,21,VID_20220217_101324_mod4_2_15.ply,21,3,True,0.0023236896308193337,0.1,8.0
0,VID_20220217_101324_mod4_12_23.ply,21,VID_20220217_101324_mod4_18_24.ply,27,3,True,0.019287427246987995,0.1,8.0
0,VID_20220217_101324_mod4_12_23.ply,21,VID_20220217_101324_mod4_5_18.ply,22,3,True,0.0012486435947209316,0.1,8.0
0,VID_20220217_101324_mod4_12_23.ply,21,VID_20220217_101324_mod4_2_23.ply,16,3,True,0.0019272599621396335,0.1,8.0
0,VID_20220217_101324_mod4_12_23.ply,21,VID_20220217_101324_mod4_11_22.ply,18,3,True,0.00484707911476571,0.1,8.0
0,VID_20220217_101324_mod4_12_23.ply,21,VID_20220217_101324_mod4_11_24.ply,18,3,True,0.0005714549015907823,0.1,8.0
0,VID_20220217_101324_mod4_12_23.ply,21,VID_20220217_101324_mod4_10_24.ply,19,6,True,0.004568680033655469,0.1,8.0
0,VID_20220217_101324_mod4_12_23.ply,21,VID_20220217_101324_mod4_3_21.ply,21,8,True,0.0030752747694807003,0.1,8.0
0,VID_20220217_101324_mod4_12_23.ply,21,VID_20220217_101324_mod4_2_19.ply,17,3,True,0.0012653447274164802,0.1,8.0
0,VID_20220217_101324_mod4_12_23.ply,21,VID_20220217_101324_mod4_10_21.ply,21,4,True,0.003601923261421257,0.1,8.0
0,VID_20220217_101324_mod4_12_23.ply,21,VID_20220217_101324_mod4_1_8.ply,32,3,True,0.02202658042008088,0.1,8.0
0,VID_20220217_101324_mod4_12_23.ply,21,VID_20220217_101324_mod4_12_23.ply,21,21,True,2.6202822552007737e-16,0.1,8.0
0,VID_20220217_101324_mod4_12_23.ply,21,VID_20220217_101324_mod4_3_13.ply,26,6,True,0.003670635298459706,0.1,8.0
0,VID_20220217_101324_mod4_12_23.ply,21,VID_20220217_101324_mod4_10_16.ply,21,4,True,0.0019116180638197864,0.1,8.0
0,VID_20220217_101324_mod4_12_23.ply,21,VID_20220217_101324_mod4_6_23.ply,17,3,True,0.0027161559066316843,0.1,8.0
0,VID_20220217_101324_mod4_3_13.ply,26,VID_20220217_101324_mod4_1_23.ply,18,6,True,0.003004904597513314,0.1,8.0
0,VID_20220217_101324_mod4_3_13.ply,26,VID_20220217_101324_mod4_5_21.ply,21,3,True,0.001162303310213042,0.1,8.0
0,VID_20220217_101324_mod4_3_13.ply,26,VID_20220217_101324_mod4_7_15.ply,21,10,True,0.004775806528829293,0.1,8.0
0,VID_20220217_101324_mod4_3_13.ply,26,VID_20220217_101324_mod4_3_17.ply,20,12,True,0.0032264591339936657,0.1,8.0
0,VID_20220217_101324_mod4_3_13.ply,26,VID_20220217_101324_mod4_8_15.ply,23,9,True,0.005403798067890918,0.1,8.0
0,VID_20220217_101324_mod4_3_13.ply,26,VID_20220217_101324_mod4_2_15.ply,21,10,True,0.004589096553951899,0.1,8.0
0,VID_20220217_101324_mod4_3_13.ply,26,VID_20220217_101324_mod4_18_24.ply,27,3,True,0.014942672729443263,0.1,8.0
0,VID_20220217_101324_mod4_3_13.ply,26,VID_20220217_101324_mod4_5_18.ply,22,5,True,0.0032280321414346453,0.1,8.0
0,VID_20220217_101324_mod4_3_13.ply,26,VID_20220217_101324_mod4_2_23.ply,16,3,True,0.0012827176703622018,0.1,8.0
0,VID_20220217_101324_mod4_3_13.ply,26,VID_20220217_101324_mod4_11_22.ply,18,3,True,0.0033011030881899416,0.1,8.0
0,VID_20220217_101324_mod4_3_13.ply,26,VID_20220217_101324_mod4_11_24.ply,18,3,True,0.0011358419449862699,0.1,8.0
0,VID_20220217_101324_mod4_3_13.ply,26,VID_20220217_101324_mod4_10_24.ply,19,3,True,0.0038564750991043734,0.1,8.0
0,VID_20220217_101324_mod4_3_13.ply,26,VID_20220217_101324_mod4_3_21.ply,21,5,True,0.002159017772503776,0.1,8.0
0,VID_20220217_101324_mod4_3_13.ply,26,VID_20220217_101324_mod4_2_19.ply,17,3,True,0.0017353246735294467,0.1,8.0
0,VID_20220217_101324_mod4_3_13.ply,26,VID_20220217_101324_mod4_10_21.ply,21,4,True,0.002386674065778796,0.1,8.0
0,VID_20220217_101324_mod4_3_13.ply,26,VID_20220217_101324_mod4_1_8.ply,32,4,True,0.026023096990192937,0.1,8.0
0,VID_20220217_101324_mod4_3_13.ply,26,VID_20220217_101324_mod4_12_23.ply,21,6,True,0.004033394225094012,0.1,8.0
0,VID_20220217_101324_mod4_3_13.ply,26,VID_20220217_101324_mod4_3_13.ply,26,26,True,7.226166470474813e-17,0.1,8.0
0,VID_20220217_101324_mod4_3_13.ply,26,VID_20220217_101324_mod4_10_16.ply,21,6,True,0.00551888906823992,0.1,8.0
0,VID_20220217_101324_mod4_3_13.ply,26,VID_20220217_101324_mod4_6_23.ply,17,3,True,0.002686527834023165,0.1,8.0
0,VID_20220217_101324_mod4_10_16.ply,21,VID_20220217_101324_mod4_1_23.ply,18,4,True,0.001854795976214958,0.1,8.0
0,VID_20220217_101324_mod4_10_16.ply,21,VID_20220217_101324_mod4_5_21.ply,21,3,True,0.00043126085220528425,0.1,8.0
0,VID_20220217_101324_mod4_10_16.ply,21,VID_20220217_101324_mod4_7_15.ply,21,4,True,0.0024279035181298315,0.1,8.0
0,VID_20220217_101324_mod4_10_16.ply,21,VID_20220217_101324_mod4_3_17.ply,20,5,True,0.0020777438413962794,0.1,8.0
0,VID_20220217_101324_mod4_10_16.ply,21,VID_20220217_101324_mod4_8_15.ply,23,6,True,0.004722391089595455,0.1,8.0
0,VID_20220217_101324_mod4_10_16.ply,21,VID_20220217_101324_mod4_2_15.ply,21,5,True,0.0038853304249107734,0.1,8.0
0,VID_20220217_101324_mod4_10_16.ply,21,VID_20220217_101324_mod4_18_24.ply,27,3,True,0.008748548652922955,0.1,8.0
0,VID_20220217_101324_mod4_10_16.ply,21,VID_20220217_101324_mod4_5_18.ply,22,3,True,0.0009754872661313613,0.1,8.0
0,VID_20220217_101324_mod4_10_16.ply,21,VID_20220217_101324_mod4_2_23.ply,16,3,True,0.003158961459257465,0.1,8.0
0,VID_20220217_101324_mod4_10_16.ply,21,VID_20220217_101324_mod4_11_22.ply,18,3,True,0.003941356623793492,0.1,8.0
0,VID_20220217_101324_mod4_10_16.ply,21,VID_20220217_101324_mod4_11_24.ply,18,3,True,0.003772721331387789,0.1,8.0
0,VID_20220217_101324_mod4_10_16.ply,21,VID_20220217_101324_mod4_10_24.ply,19,3,True,0.0018861088358101828,0.1,8.0
0,VID_20220217_101324_mod4_10_16.ply,21,VID_20220217_101324_mod4_3_21.ply,21,3,True,0.0009368333875807519,0.1,8.0
0,VID_20220217_101324_mod4_10_16.ply,21,VID_20220217_101324_mod4_2_19.ply,17,3,True,0.0044466938201094515,0.1,8.0
0,VID_20220217_101324_mod4_10_16.ply,21,VID_20220217_101324_mod4_10_21.ply,21,3,True,0.0020589991157657747,0.1,8.0
0,VID_20220217_101324_mod4_10_16.ply,21,VID_20220217_101324_mod4_1_8.ply,32,3,True,0.0024759291534582856,0.1,8.0
0,VID_20220217_101324_mod4_10_16.ply,21,VID_20220217_101324_mod4_12_23.ply,21,3,True,0.0009206746256932224,0.1,8.0
0,VID_20220217_101324_mod4_10_16.ply,21,VID_20220217_101324_mod4_3_13.ply,26,4,True,0.004349433154573544,0.1,8.0
0,VID_20220217_101324_mod4_10_16.ply,21,VID_20220217_101324_mod4_10_16.ply,21,21,True,1.3147066532446201e-16,0.1,8.0
0,VID_20220217_101324_mod4_10_16.ply,21,VID_20220217_101324_mod4_6_23.ply,17,3,True,0.0019116104603477228,0.1,8.0
0,VID_20220217_101324_mod4_6_23.ply,17,VID_20220217_101324_mod4_1_23.ply,18,8,True,0.003612593959073833,0.1,8.0
0,VID_20220217_101324_mod4_6_23.ply,17,VID_20220217_101324_mod4_5_21.ply,21,3,True,0.0015699022253618238,0.1,8.0
0,VID_20220217_101324_mod4_6_23.ply,17,VID_20220217_101324_mod4_7_15.ply,21,3,True,0.0037659198486211343,0.1,8.0
0,VID_20220217_101324_mod4_6_23.ply,17,VID_20220217_101324_mod4_3_17.ply,20,3,True,0.0006895042286232813,0.1,8.0
0,VID_20220217_101324_mod4_6_23.ply,17,VID_20220217_101324_mod4_8_15.ply,23,3,True,0.004577658538755431,0.1,8.0
0,VID_20220217_101324_mod4_6_23.ply,17,VID_20220217_101324_mod4_2_15.ply,21,3,True,0.002088115495512722,0.1,8.0
0,VID_20220217_101324_mod4_6_23.ply,17,VID_20220217_101324_mod4_18_24.ply,27,3,True,0.0038576789636719853,0.1,8.0
0,VID_20220217_101324_mod4_6_23.ply,17,VID_20220217_101324_mod4_5_18.ply,22,3,True,0.0017677201396467824,0.1,8.0
0,VID_20220217_101324_mod4_6_23.ply,17,VID_20220217_101324_mod4_2_23.ply,16,3,True,0.007496633475958317,0.1,8.0
0,VID_20220217_101324_mod4_6_23.ply,17,VID_20220217_101324_mod4_11_22.ply,18,3,True,0.002688110544817749,0.1,8.0
0,VID_20220217_101324_mod4_6_23.ply,17,VID_20220217_101324_mod4_11_24.ply,18,3,True,0.0036425509685119564,0.1,8.0
0,VID_20220217_101324_mod4_6_23.ply,17,VID_20220217_101324_mod4_10_24.ply,19,3,True,0.004118101695328141,0.1,8.0
0,VID_20220217_101324_mod4_6_23.ply,17,VID_20220217_101324_mod4_3_21.ply,21,3,True,0.0007710164505290549,0.1,8.0
0,VID_20220217_101324_mod4_6_23.ply,17,VID_20220217_101324_mod4_2_19.ply,17,3,True,0.0022031386277954557,0.1,8.0
0,VID_20220217_101324_mod4_6_23.ply,17,VID_20220217_101324_mod4_10_21.ply,21,3,True,0.005707973889414746,0.1,8.0
0,VID_20220217_101324_mod4_6_23.ply,17,VID_20220217_101324_mod4_1_8.ply,32,3,True,0.011969775265913526,0.1,8.0
0,VID_20220217_101324_mod4_6_23.ply,17,VID_20220217_101324_mod4_12_23.ply,21,3,True,0.005184022110016057,0.1,8.0
0,VID_20220217_101324_mod4_6_23.ply,17,VID_20220217_101324_mod4_3_13.ply,26,3,True,0.0032077434483559304,0.1,8.0
0,VID_20220217_101324_mod4_6_23.ply,17,VID_20220217_101324_mod4_10_16.ply,21,3,True,0.00132661839689523,0.1,8.0
0,VID_20220217_101324_mod4_6_23.ply,17,VID_20220217_101324_mod4_6_23.ply,17,17,True,1.3715459464380835e-16,0.1,8.0
0,VID_20220217_101324_mod4_1_23.ply,18,VID_20220217_101324_mod4_1_23.ply,18,18,True,4.611780433367614e-17,0.2,8.0
0,VID_20220217_101324_mod4_1_23.ply,18,VID_20220217_101324_mod4_5_21.ply,21,5,True,0.0063799013333203855,0.2,8.0
0,VID_20220217_101324_mod4_1_23.ply,18,VID_20220217_101324_mod4_7_15.ply,21,6,True,0.009209497397364652,0.2,8.0
0,VID_20220217_101324_mod4_1_23.ply,18,VID_20220217_101324_mod4_3_17.ply,20,4,True,0.003161302219515046,0.2,8.0
0,VID_20220217_101324_mod4_1_23.ply,18,VID_20220217_101324_mod4_8_15.ply,23,8,True,0.007841872005271956,0.2,8.0
0,VID_20220217_101324_mod4_1_23.ply,18,VID_20220217_101324_mod4_2_15.ply,21,9,True,0.0059008408030226745,0.2,8.0
0,VID_20220217_101324_mod4_1_23.ply,18,VID_20220217_101324_mod4_18_24.ply,27,4,True,0.038685833195393,0.2,8.0
0,VID_20220217_101324_mod4_1_23.ply,18,VID_20220217_101324_mod4_5_18.ply,22,11,True,0.006671896902311413,0.2,8.0
0,VID_20220217_101324_mod4_1_23.ply,18,VID_20220217_101324_mod4_2_23.ply,16,6,True,0.013119327267886886,0.2,8.0
0,VID_20220217_101324_mod4_1_23.ply,18,VID_20220217_101324_mod4_11_22.ply,18,8,True,0.012628756778199128,0.2,8.0
0,VID_20220217_101324_mod4_1_23.ply,18,VID_20220217_101324_mod4_11_24.ply,18,4,True,0.009038492547216753,0.2,8.0
0,VID_20220217_101324_mod4_1_23.ply,18,VID_20220217_101324_mod4_10_24.ply,19,4,True,0.009000158678433881,0.2,8.0
0,VID_20220217_101324_mod4_1_23.ply,18,VID_20220217_101324_mod4_3_21.ply,21,13,True,0.007196923821141363,0.2,8.0
0,VID_20220217_101324_mod4_1_23.ply,18,VID_20220217_101324_mod4_2_19.ply,17,4,True,0.0016878515141870156,0.2,8.0
0,VID_20220217_101324_mod4_1_23.ply,18,VID_20220217_101324_mod4_10_21.ply,21,13,True,0.016110145110176114,0.2,8.0
0,VID_20220217_101324_mod4_1_23.ply,18,VID_20220217_101324_mod4_1_8.ply,32,4,True,0.03317383550148159,0.2,8.0
0,VID_20220217_101324_mod4_1_23.ply,18,VID_20220217_101324_mod4_12_23.ply,21,14,True,0.017780879763835133,0.2,8.0
0,VID_20220217_101324_mod4_1_23.ply,18,VID_20220217_101324_mod4_3_13.ply,26,12,True,0.00970893756376236,0.2,8.0
0,VID_20220217_101324_mod4_1_23.ply,18,VID_20220217_101324_mod4_10_16.ply,21,8,True,0.014412699110606985,0.2,8.0
0,VID_20220217_101324_mod4_1_23.ply,18,VID_20220217_101324_mod4_6_23.ply,17,13,True,0.010162491324096525,0.2,8.0
0,VID_20220217_101324_mod4_5_21.ply,21,VID_20220217_101324_mod4_1_23.ply,18,5,True,0.005418085963210767,0.2,8.0
0,VID_20220217_101324_mod4_5_21.ply,21,VID_20220217_101324_mod4_5_21.ply,21,21,True,7.94158454797563e-17,0.2,8.0
0,VID_20220217_101324_mod4_5_21.ply,21,VID_20220217_101324_mod4_7_15.ply,21,10,True,0.01095476230775934,0.2,8.0
0,VID_20220217_101324_mod4_5_21.ply,21,VID_20220217_101324_mod4_3_17.ply,20,12,True,0.008615714086910047,0.2,8.0
0,VID_20220217_101324_mod4_5_21.ply,21,VID_20220217_101324_mod4_8_15.ply,23,8,True,0.010312098340862693,0.2,8.0
0,VID_20220217_101324_mod4_5_21.ply,21,VID_20220217_101324_mod4_2_15.ply,21,15,True,0.0077654952394693895,0.2,8.0
0,VID_20220217_101324_mod4_5_21.ply,21,VID_20220217_101324_mod4_18_24.ply,27,4,True,0.028085140045073682,0.2,8.0
0,VID_20220217_101324_mod4_5_21.ply,21,VID_20220217_101324_mod4_5_18.ply,22,17,True,0.007658764261795457,0.2,8.0
0,VID_20220217_101324_mod4_5_21.ply,21,VID_20220217_101324_mod4_2_23.ply,16,4,True,0.008557889852444087,0.2,8.0
0,VID_20220217_101324_mod4_5_21.ply,21,VID_20220217_101324_mod4_11_22.ply,18,11,True,0.012470228937200265,0.2,8.0
0,VID_20220217_101324_mod4_5_21.ply,21,VID_20220217_101324_mod4_11_24.ply,18,7,True,0.014707841355953084,0.2,8.0
0,VID_20220217_101324_mod4_5_21.ply,21,VID_20220217_101324_mod4_10_24.ply,19,10,True,0.00753009498288183,0.2,8.0
0,VID_20220217_101324_mod4_5_21.ply,21,VID_20220217_101324_mod4_3_21.ply,21,17,True,0.003950086590418734,0.2,8.0
0,VID_20220217_101324_mod4_5_21.ply,21,VID_20220217_101324_mod4_2_19.ply,17,4,True,0.006554642457695514,0.2,8.0
0,VID_20220217_101324_mod4_5_21.ply,21,VID_20220217_101324_mod4_10_21.ply,21,15,True,0.01142791932660685,0.2,8.0
0,VID_20220217_101324_mod4_5_21.ply,21,VID_20220217_101324_mod4_1_8.ply,32,5,True,0.0539686347733808,0.2,8.0
0,VID_20220217_101324_mod4_5_21.ply,21,VID_20220217_101324_mod4_12_23.ply,21,4,True,0.01422676523419481,0.2,8.0
0,VID_20220217_101324_mod4_5_21.ply,21,VID_20220217_101324_mod4_3_13.ply,26,14,True,0.010000971816179044,0.2,8.0
0,VID_20220217_101324_mod4_5_21.ply,21,VID_20220217_101324_mod4_10_16.ply,21,6,True,0.015325878388601256,0.2,8.0
0,VID_20220217_101324_mod4_5_21.ply,21,VID_20220217_101324_mod4_6_23.ply,17,3,True,0.00391782539772235,0.2,8.0
0,VID_20220217_101324_mod4_7_15.ply,21,VID_20220217_101324_mod4_1_23.ply,18,5,True,0.004340720232171061,0.2,8.0
0,VID_20220217_101324_mod4_7_15.ply,21,VID_20220217_101324_mod4_5_21.ply,21,10,True,0.008892896160124607,0.2,8.0
0,VID_20220217_101324_mod4_7_15.ply,21,VID_20220217_101324_mod4_7_15.ply,21,21,True,1.4838170827931238e-16,0.2,8.0
0,VID_20220217_101324_mod4_7_15.ply,21,VID_20220217_101324_mod4_3_17.ply,20,12,True,0.005133161463407388,0.2,8.0
0,VID_20220217_101324_mod4_7_15.ply,21,VID_20220217_101324_mod4_8_15.ply,23,11,True,0.007009228746196094,0.2,8.0
0,VID_20220217_101324_mod4_7_15.ply,21,VID_20220217_101324_mod4_2_15.ply,21,14,True,0.006937902894256689,0.2,8.0
0,VID_20220217_101324_mod4_7_15.ply,21,VID_20220217_101324_mod4_18_24.ply,27,4,True,0.01686892900481906,0.2,8.0
0,VID_20220217_101324_mod4_7_15.ply,21,VID_20220217_101324_mod4_5_18.ply,22,12,True,0.004847124029155684,0.2,8.0
0,VID_20220217_101324_mod4_7_15.ply,21,VID_20220217_101324_mod4_2_23.ply,16,4,True,0.00948197117836138,0.2,8.0
0,VID_20220217_101324_mod4_7_15.ply,21,VID_20220217_101324_mod4_11_22.ply,18,6,True,0.010339416284906271,0.2,8.0
0,VID_20220217_101324_mod4_7_15.ply,21,VID_20220217_101324_mod4_11_24.ply,18,4,True,0.008172377389277624,0.2,8.0
0,VID_20220217_101324_mod4_7_15.ply,21,VID_20220217_101324_mod4_10_24.ply,19,3,True,0.003722838016009158,0.2,8.0
0,VID_20220217_101324_mod4_7_15.ply,21,VID_20220217_101324_mod4_3_21.ply,21,11,True,0.0074873508795253885,0.2,8.0
0,VID_20220217_101324_mod4_7_15.ply,21,VID_20220217_101324_mod4_2_19.ply,17,4,True,0.006131094960638335,0.2,8.0
0,VID_20220217_101324_mod4_7_15.ply,21,VID_20220217_101324_mod4_10_21.ply,21,7,True,0.008823721517851386,0.2,8.0
0,VID_20220217_101324_mod4_7_15.ply,21,VID_20220217_101324_mod4_1_8.ply,32,5,True,0.05840391452863541,0.2,8.0
0,VID_20220217_101324_mod4_7_15.ply,21,VID_20220217_101324_mod4_12_23.ply,21,6,True,0.013052807656139849,0.2,8.0
0,VID_20220217_101324_mod4_7_15.ply,21,VID_20220217_101324_mod4_3_13.ply,26,18,True,0.008396452629406045,0.2,8.0
0,VID_20220217_101324_mod4_7_15.ply,21,VID_20220217_101324_mod4_10_16.ply,21,9,True,0.012970197208414405,0.2,8.0
0,VID_20220217_101324_mod4_7_15.ply,21,VID_20220217_101324_mod4_6_23.ply,17,4,True,0.008798822492741052,0.2,8.0
0,VID_20220217_101324_mod4_3_17.ply,20,VID_20220217_101324_mod4_1_23.ply,18,4,True,0.002543332624963363,0.2,8.0
0,VID_20220217_101324_mod4_3_17.ply,20,VID_20220217_101324_mod4_5_21.ply,21,12,True,0.00720088329013991,0.2,8.0
0,VID_20220217_101324_mod4_3_17.ply,20,VID_20220217_101324_mod4_7_15.ply,21,12,True,0.007938005893309799,0.2,8.0
0,VID_20220217_101324_mod4_3_17.ply,20,VID_20220217_101324_mod4_3_17.ply,20,20,True,3.1631781196870177e-17,0.2,8.0
0,VID_20220217_101324_mod4_3_17.ply,20,VID_20220217_101324_mod4_8_15.ply,23,13,True,0.010687080558548622,0.2,8.0
0,VID_20220217_101324_mod4_3_17.ply,20,VID_20220217_101324_mod4_2_15.ply,21,13,True,0.007558748969752529,0.2,8.0
0,VID_20220217_101324_mod4_3_17.ply,20,VID_20220217_101324_mod4_18_24.ply,27,4,True,0.014026380462252656,0.2,8.0
0,VID_20220217_101324_mod4_3_17.ply,20,VID_20220217_101324_mod4_5_18.ply,22,15,True,0.00847194363851,0.2,8.0
0,VID_20220217_101324_mod4_3_17.ply,20,VID_20220217_101324_mod4_2_23.ply,16,3,True,0.012691350591641844,0.2,8.0
0,VID_20220217_101324_mod4_3_17.ply,20,VID_20220217_101324_mod4_11_22.ply,18,6,True,0.004478751523980902,0.2,8.0
0,VID_20220217_101324_mod4_3_17.ply,20,VID_20220217_101324_mod4_11_24.ply,18,7,True,0.011405077361625353,0.2,8.0
0,VID_20220217_101324_mod4_3_17.ply,20,VID_20220217_101324_mod4_10_24.ply,19,6,True,0.006407306880475187,0.2,8.0
0,VID_20220217_101324_mod4_3_17.ply,20,VID_20220217_101324_mod4_3_21.ply,21,8,True,0.007324556404233136,0.2,8.0
0,VID_20220217_101324_mod4_3_17.ply,20,VID_20220217_101324_mod4_2_19.ply,17,4,True,0.012407337302283253,0.2,8.0
0,VID_20220217_101324_mod4_3_17.ply,20,VID_20220217_101324_mod4_10_21.ply,21,7,True,0.009727896280830433,0.2,8.0
0,VID_20220217_101324_mod4_3_17.ply,20,VID_20220217_101324_mod4_1_8.ply,32,6,True,0.04772939058263975,0.2,8.0
0,VID_20220217_101324_mod4_3_17.ply,20,VID_20220217_101324_mod4_12_23.ply,21,4,True,0.006486307317483459,0.2,8.0
0,VID_20220217_101324_mod4_3_17.ply,20,VID_20220217_101324_mod4_3_13.ply,26,14,True,0.006747087089156542,0.2,8.0
0,VID_20220217_101324_mod4_3_17.ply,20,VID_20220217_101324_mod4_10_16.ply,21,10,True,0.01192012266296796,0.2,8.0
0,VID_20220217_101324_mod4_3_17.ply,20,VID_20220217_101324_mod4_6_23.ply,17,4,True,0.004093628546604865,0.2,8.0
0,VID_20220217_101324_mod4_8_15.ply,23,VID_20220217_101324_mod4_1_23.ply,18,8,True,0.004736066531180191,0.2,8.0
0,VID_20220217_101324_mod4_8_15.ply,23,VID_20220217_101324_mod4_5_21.ply,21,6,True,0.004437866849883623,0.2,8.0
0,VID_20220217_101324_mod4_8_15.ply,23,VID_20220217_101324_mod4_7_15.ply,21,11,True,0.006547368565782607,0.2,8.0
0,VID_20220217_101324_mod4_8_15.ply,23,VID_20220217_101324_mod4_3_17.ply,20,12,True,0.006738404510944999,0.2,8.0
0,VID_20220217_101324_mod4_8_15.ply,23,VID_20220217_101324_mod4_8_15.ply,23,23,True,1.8771402518353617e-16,0.2,8.0
0,VID_20220217_101324_mod4_8_15.ply,23,VID_20220217_101324_mod4_2_15.ply,21,10,True,0.005834266490819258,0.2,8.0
0,VID_20220217_101324_mod4_8_15.ply,23,VID_20220217_101324_mod4_18_24.ply,27,4,True,0.02334805514078994,0.2,8.0
0,VID_20220217_101324_mod4_8_15.ply,23,VID_20220217_101324_mod4_5_18.ply,22,7,True,0.0033963197441254827,0.2,8.0
0,VID_20220217_101324_mod4_8_15.ply,23,VID_20220217_101324_mod4_2_23.ply,16,4,True,0.00631986666296192,0.2,8.0
0,VID_20220217_101324_mod4_8_15.ply,23,VID_20220217_101324_mod4_11_22.ply,18,4,True,0.01258539232116338,0.2,8.0
0,VID_20220217_101324_mod4_8_15.ply,23,VID_20220217_101324_mod4_11_24.ply,18,6,True,0.007936817401585809,0.2,8.0
0,VID_20220217_101324_mod4_8_15.ply,23,VID_20220217_101324_mod4_10_24.ply,19,6,True,0.006292899994475582,0.2,8.0
0,VID_20220217_101324_mod4_8_15.ply,23,VID_20220217_101324_mod4_3_21.ply,21,9,True,0.005077847873795856,0.2,8.0
0,VID_20220217_101324_mod4_8_15.ply,23,VID_20220217_101324_mod4_2_19.ply,17,4,True,0.0044748251199423035,0.2,8.0
0,VID_20220217_101324_mod4_8_15.ply,23,VID_20220217_101324_mod4_10_21.ply,21,6,True,0.011931079236073196,0.2,8.0
0,VID_20220217_101324_mod4_8_15.ply,23,VID_20220217_101324_mod4_1_8.ply,32,4,True,0.03007607281034742,0.2,8.0
0,VID_20220217_101324_mod4_8_15.ply,23,VID_20220217_101324_mod4_12_23.ply,21,7,True,0.010136532411118823,0.2,8.0
0,VID_20220217_101324_mod4_8_15.ply,23,VID_20220217_101324_mod4_3_13.ply,26,12,True,0.006813511346776329,0.2,8.0
0,VID_20220217_101324_mod4_8_15.ply,23,VID_20220217_101324_mod4_10_16.ply,21,15,True,0.012502408306494801,0.2,8.0
0,VID_20220217_101324_mod4_8_15.ply,23,VID_20220217_101324_mod4_6_23.ply,17,4,True,0.005555117966310785,0.2,8.0
0,VID_20220217_101324_mod4_2_15.ply,21,VID_20220217_101324_mod4_1_23.ply,18,7,True,0.006104619758555621,0.2,8.0
0,VID_20220217_101324_mod4_2_15.ply,21,VID_20220217_101324_mod4_5_21.ply,21,14,True,0.006563467225011637,0.2,8.0
0,VID_20220217_101324_mod4_2_15.ply,21,VID_20220217_101324_mod4_7_15.ply,21,14,True,0.008694852844746416,0.2,8.0
0,VID_20220217_101324_mod4_2_15.ply,21,VID_20220217_101324_mod4_3_17.ply,20,13,True,0.00632530377147262,0.2,8.0
0,VID_20220217_101324_mod4_2_15.ply,21,VID_20220217_101324_mod4_8_15.ply,23,10,True,0.007671578877372952,0.2,8.0
0,VID_20220217_101324_mod4_2_15.ply,21,VID_20220217_101324_mod4_2_15.ply,21,21,True,1.1630710457962427e-16,0.2,8.0
0,VID_20220217_101324_mod4_2_15.ply,21,VID_20220217_101324_mod4_18_24.ply,27,4,True,0.04720185043327117,0.2,8.0
0,VID_20220217_101324_mod4_2_15.ply,21,VID_20220217_101324_mod4_5_18.ply,22,14,True,0.005784267326150979,0.2,8.0
0,VID_20220217_101324_mod4_2_15.ply,21,VID_20220217_101324_mod4_2_23.ply,16,3,True,0.0006896915156184313,0.2,8.0
0,VID_20220217_101324_mod4_2_15.ply,21,VID_20220217_101324_mod4_11_22.ply,18,7,True,0.009093863318510325,0.2,8.0
0,VID_20220217_101324_mod4_2_15.ply,21,VID_20220217_101324_mod4_11_24.ply,18,4,True,0.00812975565018342,0.2,8.0
0,VID_20220217_101324_mod4_2_15.ply,21,VID_20220217_101324_mod4_10_24.ply,19,4,True,0.0070203336008934905,0.2,8.0
0,VID_20220217_101324_mod4_2_15.ply,21,VID_20220217_101324_mod4_3_21.ply,21,14,True,0.0050433579215374245,0.2,8.0
0,VID_20220217_101324_mod4_2_15.ply,21,VID_20220217_101324_mod4_2_19.ply,17,6,True,0.004311592559040938,0.2,8.0
0,VID_20220217_101324_mod4_2_15.ply,21,VID_20220217_101324_mod4_10_21.ply,21,9,True,0.009441470239643245,0.2,8.0
0,VID_20220217_101324_mod4_2_15.ply,21,VID_20220217_101324_mod4_1_8.ply,32,5,True,0.03243230640720767,0.2,8.0
0,VID_20220217_101324_mod4_2_15.ply,21,VID_20220217_101324_mod4_12_23.ply,21,5,True,0.013151890451286452,0.2,8.0
0,VID_20220217_101324_mod4_2_15.ply,21,VID_20220217_101324_mod4_3_13.ply,26,13,True,0.00914997253622069,0.2,8.0
0,VID_20220217_101324_mod4_2_15.ply,21,VID_20220217_101324_mod4_10_16.ply,21,8,True,0.013891744197276271,0.2,8.0
0,VID_20220217_101324_mod4_2_15.ply,21,VID_20220217_101324_mod4_6_23.ply,17,8,True,0.006130790135814018,0.2,8.0
0,VID_20220217_101324_mod4_18_24.ply,27,VID_20220217_101324_mod4_1_23.ply,18,4,True,0.0059159294100615345,0.2,8.0
0,VID_20220217_101324_mod4_18_24.ply,27,VID_20220217_101324_mod4_5_21.ply,21,4,True,0.005435280000408,0.2,8.0
0,VID_20220217_101324_mod4_18_24.ply,27,VID_20220217_101324_mod4_7_15.ply,21,4,True,0.002788471148063405,0.2,8.0
0,VID_20220217_101324_mod4_18_24.ply,27,VID_20220217_101324_mod4_3_17.ply,20,4,True,0.004283375186829726,0.2,8.0
0,VID_20220217_101324_mod4_18_24.ply,27,VID_20220217_101324_mod4_8_15.ply,23,4,True,0.010539416338456299,0.2,8.0
0,VID_20220217_101324_mod4_18_24.ply,27,VID_20220217_101324_mod4_2_15.ply,21,4,True,0.008259775761188056,0.2,8.0
0,VID_20220217_101324_mod4_18_24.ply,27,VID_20220217_101324_mod4_18_24.ply,27,27,True,5.152352638488867e-16,0.2,8.0
0,VID_20220217_101324_mod4_18_24.ply,27,VID_20220217_101324_mod4_5_18.ply,22,4,True,0.004003307629330643,0.2,8.0
0,VID_20220217_101324_mod4_18_24.ply,27,VID_20220217_101324_mod4_2_23.ply,16,4,True,0.020680267927481122,0.2,8.0
0,VID_20220217_101324_mod4_18_24.ply,27,VID_20220217_101324_mod4_11_22.ply,18,3,True,0.0039697156790156765,0.2,8.0
0,VID_20220217_101324_mod4_18_24.ply,27,VID_20220217_101324_mod4_11_24.ply,18,4,True,0.009158481814907266,0.2,8.0
0,VID_20220217_101324_mod4_18_24.ply,27,VID_20220217_101324_mod4_10_24.ply,19,4,True,0.003717108518540461,0.2,8.0
0,VID_20220217_101324_mod4_18_24.ply,27,VID_20220217_101324_mod4_3_21.ply,21,4,True,0.005565563449885744,0.2,8.0
0,VID_20220217_101324_mod4_18_24.ply,27,VID_20220217_101324_mod4_2_19.ply,17,4,True,0.01210800169249334,0.2,8.0
0,VID_20220217_101324_mod4_18_24.ply,27,VID_20220217_101324_mod4_10_21.ply,21,3,True,0.004550408472435804,0.2,8.0
0,VID_20220217_101324_mod4_18_24.ply,27,VID_20220217_101324_mod4_1_8.ply,32,5,True,0.04205148839042553,0.2,8.0
0,VID_20220217_101324_mod4_18_24.ply,27,VID_20220217_101324_mod4_12_23.ply,21,4,True,0.01343748179737904,0.2,8.0
0,VID_20220217_101324_mod4_18_24.ply,27,VID_20220217_101324_mod4_3_13.ply,26,4,True,0.006228537756296599,0.2,8.0
0,VID_20220217_101324_mod4_18_24.ply,27,VID_20220217_101324_mod4_10_16.ply,21,4,True,0.012158985832071173,0.2,8.0
0,VID_20220217_101324_mod4_18_24.ply,27,VID_20220217_101324_mod4_6_23.ply,17,3,True,0.005159002964286699,0.2,8.0
0,VID_20220217_101324_mod4_5_18.ply,22,VID_20220217_101324_mod4_1_23.ply,18,5,True,0.0028466704994294556,0.2,8.0
0,VID_20220217_101324_mod4_5_18.ply,22,VID_20220217_101324_mod4_5_21.ply,21,16,True,0.007345315263681292,0.2,8.0
0,VID_20220217_101324_mod4_5_18.ply,22,VID_20220217_101324_mod4_7_15.ply,21,12,True,0.006687801945963275,0.2,8.0
0,VID_20220217_101324_mod4_5_18.ply,22,VID_20220217_101324_mod4_3_17.ply,20,10,True,0.005442467356726133,0.2,8.0
0,VID_20220217_101324_mod4_5_18.ply,22,VID_20220217_101324_mod4_8_15.ply,23,7,True,0.00488730021464139,0.2,8.0
0,VID_20220217_101324_mod4_5_18.ply,22,VID_20220217_101324_mod4_2_15.ply,21,14,True,0.005087224390544374,0.2,8.0
0,VID_20220217_101324_mod4_5_18.ply,22,VID_20220217_101324_mod4_18_24.ply,27,4,True,0.032701666545844714,0.2,8.0
0,VID_20220217_101324_mod4_5_18.ply,22,VID_20220217_101324_mod4_5_18.ply,22,22,True,1.0570152252471063e-16,0.2,8.0
0,VID_20220217_101324_mod4_5_18.ply,22,VID_20220217_101324_mod4_2_23.ply,16,4,True,0.010900934246576257,0.2,8.0
0,VID_20220217_101324_mod4_5_18.ply,22,VID_20220217_101324_mod4_11_22.ply,18,7,True,0.007608618495809365,0.2,8.0
0,VID_20220217_101324_mod4_5_18.ply,22,VID_20220217_101324_mod4_11_24.ply,18,3,True,0.0020543606758372107,0.2,8.0
0,VID_20220217_101324_mod4_5_18.ply,22,VID_20220217_101324_mod4_10_24.ply,19,5,True,0.003676855036699595,0.2,8.0
0,VID_20220217_101324_mod4_5_18.ply,22,VID_20220217_101324_mod4_3_21.ply,21,8,True,0.004224313099063663,0.2,8.0
0,VID_20220217_101324_mod4_5_18.ply,22,VID_20220217_101324_mod4_2_19.ply,17,3,True,0.0030800385312812575,0.2,8.0
0,VID_20220217_101324_mod4_5_18.ply,22,VID_20220217_101324_mod4_10_21.ply,21,7,True,0.00836930659190844,0.2,8.0
0,VID_20220217_101324_mod4_5_18.ply,22,VID_20220217_101324_mod4_1_8.ply,32,4,True,0.03529705052172361,0.2,8.0
0,VID_20220217_101324_mod4_5_18.ply,22,VID_20220217_101324_mod4_12_23.ply,21,6,True,0.011380764482377641,0.2,8.0
0,VID_20220217_101324_mod4_5_18.ply,22,VID_20220217_101324_mod4_3_13.ply,26,12,True,0.006785813862687842,0.2,8.0
0,VID_20220217_101324_mod4_5_18.ply,22,VID_20220217_101324_mod4_10_16.ply,21,4,True,0.009264704849279302,0.2,8.0
0,VID_20220217_101324_mod4_5_18.ply,22,VID_20220217_101324_mod4_6_23.ply,17,3,True,0.002139902077660813,0.2,8.0
0,VID_20220217_101324_mod4_2_23.ply,16,VID_20220217_101324_mod4_1_23.ply,18,6,True,0.006776529179256131,0.2,8.0
0,VID_20220217_101324_mod4_2_23.ply,16,VID_20220217_101324_mod4_5_21.ply,21,4,True,0.004590774882957689,0.2,8.0
0,VID_20220217_101324_mod4_2_23.ply,16,VID_20220217_101324_mod4_7_15.ply,21,4,True,0.006403673356960252,0.2,8.0
0,VID_20220217_101324_mod4_2_23.ply,16,VID_20220217_101324_mod4_3_17.ply,20,3,True,0.0017013365159711798,0.2,8.0
0,VID_20220217_101324_mod4_2_23.ply,16,VID_20220217_101324_mod4_8_15.ply,23,4,True,0.00539189452780979,0.2,8.0
0,VID_20220217_101324_mod4_2_23.ply,16,VID_20220217_101324_mod4_2_15.ply,21,3,True,0.0030234874103105933,0.2,8.0
0,VID_20220217_101324_mod4_2_23.ply,16,VID_20220217_101324_mod4_18_24.ply,27,3,True,0.009816454360834085,0.2,8.0
0,VID_20220217_101324_mod4_2_23.ply,16,VID_20220217_101324_mod4_5_18.ply,22,4,True,0.0037980066791324595,0.2,8.0
0,VID_20220217_101324_mod4_2_23.ply,16,VID_20220217_101324_mod4_2_23.ply,16,16,True,2.3188344099967393e-16,0.2,8.0
0,VID_20220217_101324_mod4_2_23.ply,16,VID_20220217_101324_mod4_11_22.ply,18,4,True,0.005906994577679554,0.2,8.0
0,VID_20220217_101324_mod4_2_23.ply,16,VID_20220217_101324_mod4_11_24.ply,18,3,True,0.011356291230335222,0.2,8.0
0,VID_20220217_101324_mod4_2_23.ply,16,VID_20220217_101324_mod4_10_24.ply,19,3,True,0.00023778194231660607,0.2,8.0
0,VID_20220217_101324_mod4_2_23.ply,16,VID_20220217_101324_mod4_3_21.ply,21,4,True,0.007251699166274555,0.2,8.0
0,VID_20220217_101324_mod4_2_23.ply,16,VID_20220217_101324_mod4_2_19.ply,17,4,True,0.015366113107291711,0.2,8.0
0,VID_20220217_101324_mod4_2_23.ply,16,VID_20220217_101324_mod4_10_21.ply,21,4,True,0.00371343994884978,0.2,8.0
0,VID_20220217_101324_mod4_2_23.ply,16,VID_20220217_101324_mod4_1_8.ply,32,4,True,0.036220821709183386,0.2,8.0
0,VID_20220217_101324_mod4_2_23.ply,16,VID_20220217_101324_mod4_12_23.ply,21,6,True,0.014847328069400013,0.2,8.0
0,VID_20220217_101324_mod4_2_23.ply,16,VID_20220217_101324_mod4_3_13.ply,26,4,True,0.009786469888716662,0.2,8.0
0,VID_20220217_101324_mod4_2_23.ply,16,VID_20220217_101324_mod4_10_16.ply,21,4,True,0.00903873005570487,0.2,8.0
0,VID_20220217_101324_mod4_2_23.ply,16,VID_20220217_101324_mod4_6_23.ply,17,7,True,0.0067975386985377455,0.2,8.0
0,VID_20220217_101324_mod4_11_22.ply,18,VID_20220217_101324_mod4_1_23.ply,18,4,True,0.006049976997031403,0.2,8.0
0,VID_20220217_101324_mod4_11_22.ply,18,VID_20220217_101324_mod4_5_21.ply,21,6,True,0.006823588381032844,0.2,8.0
0,VID_20220217_101324_mod4_11_22.ply,18,VID_20220217_101324_mod4_7_15.ply,21,3,True,0.009242178219482772,0.2,8.0
0,VID_20220217_101324_mod4_11_22.ply,18,VID_20220217_101324_mod4_3_17.ply,20,6,True,0.002528927138606019,0.2,8.0
0,VID_20220217_101324_mod4_11_22.ply,18,VID_20220217_101324_mod4_8_15.ply,23,3,True,0.0038374015096566366,0.2,8.0
0,VID_20220217_101324_mod4_11_22.ply,18,VID_20220217_101324_mod4_2_15.ply,21,3,True,0.004108835373982788,0.2,8.0
0,VID_20220217_101324_mod4_11_22.ply,18,VID_20220217_101324_mod4_18_24.ply,27,4,True,0.035716505141816686,0.2,8.0
0,VID_20220217_101324_mod4_11_22.ply,18,VID_20220217_101324_mod4_5_18.ply,22,7,True,0.0047541192550493196,0.2,8.0
0,VID_20220217_101324_mod4_11_22.ply,18,VID_20220217_101324_mod4_2_23.ply,16,3,True,0.0007129273891665385,0.2,8.0
0,VID_20220217_101324_mod4_11_22.ply,18,VID_20220217_101324_mod4_11_22.ply,18,18,True,1.1265548368204566e-16,0.2,8.0
0,VID_20220217_101324_mod4_11_22.ply,18,VID_20220217_101324_mod4_11_24.ply,18,3,True,0.006491616096101668,0.2,8.0
0,VID_20220217_101324_mod4_11_22.ply,18,VID_20220217_101324_mod4_10_24.ply,19,4,True,0.00476658799515762,0.2,8.0
0,VID_20220217_101324_mod4_11_22.ply,18,VID_20220217_101324_mod4_3_21.ply,21,7,True,0.00529268394502072,0.2,8.0
0,VID_20220217_101324_mod4_11_22.ply,18,VID_20220217_101324_mod4_2_19.ply,17,5,True,0.00525909137668178,0.2,8.0
0,VID_20220217_101324_mod4_11_22.ply,18,VID_20220217_101324_mod4_10_21.ply,21,3,True,0.005093850314436592,0.2,8.0
0,VID_20220217_101324_mod4_11_22.ply,18,VID_20220217_101324_mod4_1_8.ply,32,4,True,0.017627711985585173,0.2,8.0
0,VID_20220217_101324_mod4_11_22.ply,18,VID_20220217_101324_mod4_12_23.ply,21,9,True,0.012873855264408979,0.2,8.0
0,VID_20220217_101324_mod4_11_22.ply,18,VID_20220217_101324_mod4_3_13.ply,26,9,True,0.004817785804361617,0.2,8.0
0,VID_20220217_101324_mod4_11_22.ply,18,VID_20220217_101324_mod4_10_16.ply,21,3,True,0.004324845867590919,0.2,8.0
0,VID_20220217_101324_mod4_11_22.ply,18,VID_20220217_101324_mod4_6_23.ply,17,3,True,0.0018717832689458828,0.2,8.0
0,VID_20220217_101324_mod4_11_24.ply,18,VID_20220217_101324_mod4_1_23.ply,18,3,True,0.0016390947786609547,0.2,8.0
0,VID_20220217_101324_mod4_11_24.ply,18,VID_20220217_101324_mod4_5_21.ply,21,3,True,0.005473487487898836,0.2,8.0
0,VID_20220217_101324_mod4_11_24.ply,18,VID_20220217_101324_mod4_7_15.ply,21,3,True,0.0004629478449099885,0.2,8.0
0,VID_20220217_101324_mod4_11_24.ply,18,VID_20220217_101324_mod4_3_17.ply,20,4,True,0.003326182513321789,0.2,8.0
0,VID_20220217_101324_mod4_11_24.ply,18,VID_20220217_101324_mod4_8_15.ply,23,3,True,0.0028246508828228332,0.2,8.0
0,VID_20220217_101324_mod4_11_24.ply,18,VID_20220217_101324_mod4_2_15.ply,21,3,True,0.0018126209165237616,0.2,8.0
0,VID_20220217_101324_mod4_11_24.ply,18,VID_20220217_101324_mod4_18_24.ply,27,3,True,0.01638537377902448,0.2,8.0
0,VID_20220217_101324_mod4_11_24.ply,18,VID_20220217_101324_mod4_5_18.ply,22,3,True,0.002768996172954431,0.2,8.0
0,VID_20220217_101324_mod4_11_24.ply,18,VID_20220217_101324_mod4_2_23.ply,16,3,True,0.0008070135095398709,0.2,8.0
0,VID_20220217_101324_mod4_11_24.ply,18,VID_20220217_101324_mod4_11_22.ply,18,3,True,0.007310577869814575,0.2,8.0
0,VID_20220217_101324_mod4_11_24.ply,18,VID_20220217_101324_mod4_11_24.ply,18,18,True,9.330043124064411e-17,0.2,8.0
0,VID_20220217_101324_mod4_11_24.ply,18,VID_20220217_101324_mod4_10_24.ply,19,10,True,0.0038989497035100905,0.2,8.0
0,VID_20220217_101324_mod4_11_24.ply,18,VID_20220217_101324_mod4_3_21.ply,21,5,True,0.0051170105674660515,0.2,8.0
0,VID_20220217_101324_mod4_11_24.ply,18,VID_20220217_101324_mod4_2_19.ply,17,5,True,0.002566526313001459,0.2,8.0
0,VID_20220217_101324_mod4_11_24.ply,18,VID_20220217_101324_mod4_10_21.ply,21,4,True,0.008611194065945496,0.2,8.0
0,VID_20220217_101324_mod4_11_24.ply,18,VID_20220217_101324_mod4_1_8.ply,32,3,True,0.0075924280867893015,0.2,8.0
0,VID_20220217_101324_mod4_11_24.ply,18,VID_20220217_101324_mod4_12_23.ply,21,3,True,0.006462688483818625,0.2,8.0
0,VID_20220217_101324_mod4_11_24.ply,18,VID_20220217_101324_mod4_3_13.ply,26,3,True,0.001436308785556668,0.2,8.0
0,VID_20220217_101324_mod4_11_24.ply,18,VID_20220217_101324_mod4_10_16.ply,21,4,True,0.005482493505829815,0.2,8.0
0,VID_20220217_101324_mod4_11_24.ply,18,VID_20220217_101324_mod4_6_23.ply,17,5,True,0.004254246365364827,0.2,8.0
0,VID_20220217_101324_mod4_10_24.ply,19,VID_20220217_101324_mod4_1_23.ply,18,4,True,0.00687392275866089,0.2,8.0
0,VID_20220217_101324_mod4_10_24.ply,19,VID_20220217_101324_mod4_5_21.ply,21,10,True,0.006666931928536576,0.2,8.0
0,VID_20220217_101324_mod4_10_24.ply,19,VID_20220217_101324_mod4_7_15.ply,21,3,True,0.0009049075413244222,0.2,8.0
0,VID_20220217_101324_mod4_10_24.ply,19,VID_20220217_101324_mod4_3_17.ply,20,6,True,0.0047566484786106455,0.2,8.0
0,VID_20220217_101324_mod4_10_24.ply,19,VID_20220217_101324_mod4_8_15.ply,23,6,True,0.007409320263948331,0.2,8.0
0,VID_20220217_101324_mod4_10_24.ply,19,VID_20220217_101324_mod4_2_15.ply,21,5,True,0.008124844071979408,0.2,8.0
0,VID_20220217_101324_mod4_10_24.ply,19,VID_20220217_101324_mod4_18_24.ply,27,4,True,0.017233464682433607,0.2,8.0
0,VID_20220217_101324_mod4_10_24.ply,19,VID_20220217_101324_mod4_5_18.ply,22,6,True,0.00588640461506704,0.2,8.0
0,VID_20220217_101324_mod4_10_24.ply,19,VID_20220217_101324_mod4_2_23.ply,16,3,True,0.008582245552720068,0.2,8.0
0,VID_20220217_101324_mod4_10_24.ply,19,VID_20220217_101324_mod4_11_22.ply,18,6,True,0.008775659316136913,0.2,8.0
0,VID_20220217_101324_mod4_10_24.ply,19,VID_20220217_101324_mod4_11_24.ply,18,12,True,0.00749902745360019,0.2,8.0
0,VID_20220217_101324_mod4_10_24.ply,19,VID_20220217_101324_mod4_10_24.ply,19,19,True,1.5641316490997264e-16,0.2,8.0
0,VID_20220217_101324_mod4_10_24.ply,19,VID_20220217_101324_mod4_3_21.ply,21,11,True,0.008069126458824327,0.2,8.0
0,VID_20220217_101324_mod4_10_24.ply,19,VID_20220217_101324_mod4_2_19.ply,17,4,True,0.006021968453457017,0.2,8.0
0,VID_20220217_101324_mod4_10_24.ply,19,VID_20220217_101324_mod4_10_21.ply,21,12,True,0.010071525759356973,0.2,8.0
0,VID_20220217_101324_mod4_10_24.ply,19,VID_20220217_101324_mod4_1_8.ply,32,8,True,0.05273985750530852,0.2,8.0
0,VID_20220217_101324_mod4_10_24.ply,19,VID_20220217_101324_mod4_12_23.ply,21,14,True,0.012023888888038839,0.2,8.0
0,VID_20220217_101324_mod4_10_24.ply,19,VID_20220217_101324_mod4_3_13.ply,26,5,True,0.006341802437159366,0.2,8.0
0,VID_20220217_101324_mod4_10_24.ply,19,VID_20220217_101324_mod4_10_16.ply,21,6,True,0.007414803141002636,0.2,8.0
0,VID_20220217_101324_mod4_10_24.ply,19,VID_20220217_101324_mod4_6_23.ply,17,6,True,0.007551830043374005,0.2,8.0
0,VID_20220217_101324_mod4_3_21.ply,21,VID_20220217_101324_mod4_1_23.ply,18,13,True,0.007056668565642829,0.2,8.0
0,VID_20220217_101324_mod4_3_21.ply,21,VID_20220217_101324_mod4_5_21.ply,21,17,True,0.004799442987667997,0.2,8.0
0,VID_20220217_101324_mod4_3_21.ply,21,VID_20220217_101324_mod4_7_15.ply,21,10,True,0.00923747452085287,0.2,8.0
0,VID_20220217_101324_mod4_3_21.ply,21,VID_20220217_101324_mod4_3_17.ply,20,8,True,0.007591183980552633,0.2,8.0
0,VID_20220217_101324_mod4_3_21.ply,21,VID_20220217_101324_mod4_8_15.ply,23,9,True,0.00834660535990198,0.2,8.0
0,VID_20220217_101324_mod4_3_21.ply,21,VID_20220217_101324_mod4_2_15.ply,21,15,True,0.007320920430525277,0.2,8.0
0,VID_20220217_101324_mod4_3_21.ply,21,VID_20220217_101324_mod4_18_24.ply,27,4,True,0.051943720484345514,0.2,8.0
0,VID_20220217_101324_mod4_3_21.ply,21,VID_20220217_101324_mod4_5_18.ply,22,10,True,0.006328392889993179,0.2,8.0
0,VID_20220217_101324_mod4_3_21.ply,21,VID_20220217_101324_mod4_2_23.ply,16,4,True,0.01317373860701817,0.2,8.0
0,VID_20220217_101324_mod4_3_21.ply,21,VID_20220217_101324_mod4_11_22.ply,18,10,True,0.011949953289692398,0.2,8.0
0,VID_20220217_101324_mod4_3_21.ply,21,VID_20220217_101324_mod4_11_24.ply,18,9,True,0.01433753691033012,0.2,8.0
0,VID_20220217_101324_mod4_3_21.ply,21,VID_20220217_101324_mod4_10_24.ply,19,11,True,0.010604484531631415,0.2,8.0
0,VID_20220217_101324_mod4_3_21.ply,21,VID_20220217_101324_mod4_3_21.ply,21,21,True,5.1416278968757154e-17,0.2,8.0
0,VID_20220217_101324_mod4_3_21.ply,21,VID_20220217_101324_mod4_2_19.ply,17,5,True,0.009846920442654155,0.2,8.0
0,VID_20220217_101324_mod4_3_21.ply,21,VID_20220217_101324_mod4_10_21.ply,21,17,True,0.01418377934056434,0.2,8.0
0,VID_20220217_101324_mod4_3_21.ply,21,VID_20220217_101324_mod4_1_8.ply,32,5,True,0.06389461310417098,0.2,8.0
0,VID_20220217_101324_mod4_3_21.ply,21,VID_20220217_101324_mod4_12_23.ply,21,15,True,0.011816503481182997,0.2,8.0
0,VID_20220217_101324_mod4_3_21.ply,21,VID_20220217_101324_mod4_3_13.ply,26,16,True,0.009755021178893628,0.2,8.0
0,VID_20220217_101324_mod4_3_21.ply,21,VID_20220217_101324_mod4_10_16.ply,21,8,True,0.014088990154726654,0.2,8.0
0,VID_20220217_101324_mod4_3_21.ply,21,VID_20220217_101324_mod4_6_23.ply,17,5,True,0.008034762897332081,0.2,8.0
0,VID_20220217_101324_mod4_2_19.ply,17,VID_20220217_101324_mod4_1_23.ply,18,4,True,0.001474229332053397,0.2,8.0
0,VID_20220217_101324_mod4_2_19.ply,17,VID_20220217_101324_mod4_5_21.ply,21,4,True,0.005477042235495514,0.2,8.0
0,VID_20220217_101324_mod4_2_19.ply,17,VID_20220217_101324_mod4_7_15.ply,21,4,True,0.006075481939655202,0.2,8.0
0,VID_20220217_101324_mod4_2_19.ply,17,VID_20220217_101324_mod4_3_17.ply,20,3,True,0.003346416916636946,0.2,8.0
0,VID_20220217_101324_mod4_2_19.ply,17,VID_20220217_101324_mod4_8_15.ply,23,5,True,0.008870595071744992,0.2,8.0
0,VID_20220217_101324_mod4_2_19.ply,17,VID_20220217_101324_mod4_2_15.ply,21,7,True,0.011524953142462045,0.2,8.0
0,VID_20220217_101324_mod4_2_19.ply,17,VID_20220217_101324_mod4_18_24.ply,27,3,True,0.01555391567069988,0.2,8.0
0,VID_20220217_101324_mod4_2_19.ply,17,VID_20220217_101324_mod4_5_18.ply,22,3,True,0.001500211881638934,0.2,8.0
0,VID_20220217_101324_mod4_2_19.ply,17,VID_20220217_101324_mod4_2_23.ply,16,3,True,0.007718951761692397,0.2,8.0
0,VID_20220217_101324_mod4_2_19.ply,17,VID_20220217_101324_mod4_11_22.ply,18,5,True,0.006643862598577316,0.2,8.0
0,VID_20220217_101324_mod4_2_19.ply,17,VID_20220217_101324_mod4_11_24.ply,18,8,True,0.011803770229268314,0.2,8.0
0,VID_20220217_101324_mod4_2_19.ply,17,VID_20220217_101324_mod4_10_24.ply,19,4,True,0.005515778106306165,0.2,8.0
0,VID_20220217_101324_mod4_2_19.ply,17,VID_20220217_101324_mod4_3_21.ply,21,5,True,0.006862868832527532,0.2,8.0
0,VID_20220217_101324_mod4_2_19.ply,17,VID_20220217_101324_mod4_2_19.ply,17,17,True,1.4602345030169265e-16,0.2,8.0
0,VID_20220217_101324_mod4_2_19.ply,17,VID_20220217_101324_mod4_10_21.ply,21,7,True,0.014285588041093285,0.2,8.0
0,VID_20220217_101324_mod4_2_19.ply,17,VID_20220217_101324_mod4_1_8.ply,32,4,True,0.03856610966426868,0.2,8.0
0,VID_20220217_101324_mod4_2_19.ply,17,VID_20220217_101324_mod4_12_23.ply,21,3,True,0.0040972422538543074,0.2,8.0
0,VID_20220217_101324_mod4_2_19.ply,17,VID_20220217_101324_mod4_3_13.ply,26,4,True,0.00818349671650943,0.2,8.0
0,VID_20220217_101324_mod4_2_19.ply,17,VID_20220217_101324_mod4_10_16.ply,21,4,True,0.0064738681739681505,0.2,8.0
0,VID_20220217_101324_mod4_2_19.ply,17,VID_20220217_101324_mod4_6_23.ply,17,5,True,0.008005737948326297,0.2,8.0
0,VID_20220217_101324_mod4_10_21.ply,21,VID_20220217_101324_mod4_1_23.ply,18,11,True,0.006646011832037888,0.2,8.0
0,VID_20220217_101324_mod4_10_21.ply,21,VID_20220217_101324_mod4_5_21.ply,21,16,True,0.008404213680616774,0.2,8.0
0,VID_20220217_101324_mod4_10_21.ply,21,VID_20220217_101324_mod4_7_15.ply,21,7,True,0.010653898473793959,0.2,8.0
0,VID_20220217_101324_mod4_10_21.ply,21,VID_20220217_101324_mod4_3_17.ply,20,6,True,0.003954136797752274,0.2,8.0
0,VID_20220217_101324_mod4_10_21.ply,21,VID_20220217_101324_mod4_8_15.ply,23,7,True,0.008801714853288931,0.2,8.0
0,VID_20220217_101324_mod4_10_21.ply,21,VID_20220217_101324_mod4_2_15.ply,21,7,True,0.009536918534404849,0.2,8.0
0,VID_20220217_101324_mod4_10_21.ply,21,VID_20220217_101324_mod4_18_24.ply,27,4,True,0.04068162393354864,0.2,8.0
0,VID_20220217_101324_mod4_10_21.ply,21,VID_20220217_101324_mod4_5_18.ply,22,12,True,0.007525804227682656,0.2,8.0
0,VID_20220217_101324_mod4_10_21.ply,21,VID_20220217_101324_mod4_2_23.ply,16,4,True,0.003935901499913175,0.2,8.0
0,VID_20220217_101324_mod4_10_21.ply,21,VID_20220217_101324_mod4_11_22.ply,18,6,True,0.009832401407836533,0.2,8.0
0,VID_20220217_101324_mod4_10_21.ply,21,VID_20220217_101324_mod4_11_24.ply,18,10,True,0.01117557468080926,0.2,8.0
0,VID_20220217_101324_mod4_10_21.ply,21,VID_20220217_101324_mod4_10_24.ply,19,12,True,0.007501174629233806,0.2,8.0
0,VID_20220217_101324_mod4_10_21.ply,21,VID_20220217_101324_mod4_3_21.ply,21,16,True,0.005514203662996585,0.2,8.0
0,VID_20220217_101324_mod4_10_21.ply,21,VID_20220217_101324_mod4_2_19.ply,17,7,True,0.010915810842439675,0.2,8.0
0,VID_20220217_101324_mod4_10_21.ply,21,VID_20220217_101324_mod4_10_21.ply,21,21,True,1.7885102835283706e-16,0.2,8.0
0,VID_20220217_101324_mod4_10_21.ply,21,VID_20220217_101324_mod4_1_8.ply,32,5,True,0.028804702585967453,0.2,8.0
0,VID_20220217_101324_mod4_10_21.ply,21,VID_20220217_101324_mod4_12_23.ply,21,8,True,0.013236191811560856,0.2,8.0
0,VID_20220217_101324_mod4_10_21.ply,21,VID_20220217_101324_mod4_3_13.ply,26,10,True,0.008451003668894152,0.2,8.0
0,VID_20220217_101324_mod4_10_21.ply,21,VID_20220217_101324_mod4_10_16.ply,21,6,True,0.010334371143763097,0.2,8.0
0,VID_20220217_101324_mod4_10_21.ply,21,VID_20220217_101324_mod4_6_23.ply,17,9,True,0.010476344158027472,0.2,8.0
0,VID_20220217_101324_mod4_1_8.ply,32,VID_20220217_101324_mod4_1_23.ply,18,4,True,0.005396049874640421,0.2,8.0
0,VID_20220217_101324_mod4_1_8.ply,32,VID_20220217_101324_mod4_5_21.ply,21,6,True,0.009145790936966682,0.2,8.0
0,VID_20220217_101324_mod4_1_8.ply,32,VID_20220217_101324_mod4_7_15.ply,21,5,True,0.011481079305733406,0.2,8.0
0,VID_20220217_101324_mod4_1_8.ply,32,VID_20220217_101324_mod4_3_17.ply,20,6,True,0.006637567528150507,0.2,8.0
0,VID_20220217_101324_mod4_1_8.ply,32,VID_20220217_101324_mod4_8_15.ply,23,4,True,0.011110280167803382,0.2,8.0
0,VID_20220217_101324_mod4_1_8.ply,32,VID_20220217_101324_mod4_2_15.ply,21,5,True,0.00836337811554011,0.2,8.0
0,VID_20220217_101324_mod4_1_8.ply,32,VID_20220217_101324_mod4_18_24.ply,27,5,True,0.0435675276888906,0.2,8.0
0,VID_20220217_101324_mod4_1_8.ply,32,VID_20220217_101324_mod4_5_18.ply,22,6,True,0.00767017609624564,0.2,8.0
0,VID_20220217_101324_mod4_1_8.ply,32,VID_20220217_101324_mod4_2_23.ply,16,4,True,0.015850220250233183,0.2,8.0
0,VID_20220217_101324_mod4_1_8.ply,32,VID_20220217_101324_mod4_11_22.ply,18,5,True,0.012000316356958094,0.2,8.0
0,VID_20220217_101324_mod4_1_8.ply,32,VID_20220217_101324_mod4_11_24.ply,18,5,True,0.010697658568792633,0.2,8.0
0,VID_20220217_101324_mod4_1_8.ply,32,VID_20220217_101324_mod4_10_24.ply,19,6,True,0.009588600524329418,0.2,8.0
0,VID_20220217_101324_mod4_1_8.ply,32,VID_20220217_101324_mod4_3_21.ply,21,5,True,0.005561745264299219,0.2,8.0
0,VID_20220217_101324_mod4_1_8.ply,32,VID_20220217_101324_mod4_2_19.ply,17,4,True,0.007017826339550808,0.2,8.0
0,VID_20220217_101324_mod4_1_8.ply,32,VID_20220217_101324_mod4_10_21.ply,21,5,True,0.007649787378987655,0.2,8.0
0,VID_20220217_101324_mod4_1_8.ply,32,VID_20220217_101324_mod4_1_8.ply,32,32,True,6.869858011714551e-16,0.2,8.0
0,VID_20220217_101324_mod4_1_8.ply,32,VID_20220217_101324_mod4_12_23.ply,21,6,True,0.01031832826576574,0.2,8.0
0,VID_20220217_101324_mod4_1_8.ply,32,VID_20220217_101324_mod4_3_13.ply,26,8,True,0.007551487695983033,0.2,8.0
0,VID_20220217_101324_mod4_1_8.ply,32,VID_20220217_101324_mod4_10_16.ply,21,5,True,0.01258234631376173,0.2,8.0
0,VID_20220217_101324_mod4_1_8.ply,32,VID_20220217_101324_mod4_6_23.ply,17,4,True,0.0059771257274543015,0.2,8.0
0,VID_20220217_101324_mod4_12_23.ply,21,VID_20220217_101324_mod4_1_23.ply,18,12,True,0.006228703203910345,0.2,8.0
0,VID_20220217_101324_mod4_12_23.ply,21,VID_20220217_101324_mod4_5_21.ply,21,4,True,0.003434542842056341,0.2,8.0
0,VID_20220217_101324_mod4_12_23.ply,21,VID_20220217_101324_mod4_7_15.ply,21,6,True,0.009071413093701217,0.2,8.0
0,VID_20220217_101324_mod4_12_23.ply,21,VID_20220217_101324_mod4_3_17.ply,20,4,True,0.0029869822634078468,0.2,8.0
0,VID_20220217_101324_mod4_12_23.ply,21,VID_20220217_101324_mod4_8_15.ply,23,7,True,0.007172037119119457,0.2,8.0
0,VID_20220217_101324_mod4_12_23.ply,21,VID_20220217_101324_mod4_2_15.ply,21,9,True,0.00992932229685898,0.2,8.0
0,VID_20220217_101324_mod4_12_23.ply,21,VID_20220217_101324_mod4_18_24.ply,27,4,True,0.026145816753332718,0.2,8.0
0,VID_20220217_101324_mod4_12_23.ply,21,VID_20220217_101324_mod4_5_18.ply,22,10,True,0.0071425778951470335,0.2,8.0
0,VID_20220217_101324_mod4_12_23.ply,21,VID_20220217_101324_mod4_2_23.ply,16,5,True,0.01061149690933637,0.2,8.0
0,VID_20220217_101324_mod4_12_23.ply,21,VID_20220217_101324_mod4_11_22.ply,18,11,True,0.009353440188830569,0.2,8.0
0,VID_20220217_101324_mod4_12_23.ply,21,VID_20220217_101324_mod4_11_24.ply,18,4,True,0.008042465813191322,0.2,8.0
0,VID_20220217_101324_mod4_12_23.ply,21,VID_20220217_101324_mod4_10_24.ply,19,13,True,0.005711122494841014,0.2,8.0
0,VID_20220217_101324_mod4_12_23.ply,21,VID_20220217_101324_mod4_3_21.ply,21,15,True,0.0051246834558031805,0.2,8.0
0,VID_20220217_101324_mod4_12_23.ply,21,VID_20220217_101324_mod4_2_19.ply,17,3,True,0.0044109311013092465,0.2,8.0
0,VID_20220217_101324_mod4_12_23.ply,21,VID_20220217_101324_mod4_10_21.ply,21,14,True,0.013786083542758738,0.2,8.0
0,VID_20220217_101324_mod4_12_23.ply,21,VID_20220217_101324_mod4_1_8.ply,32,6,True,0.03240656290214479,0.2,8.0
0,VID_20220217_101324_mod4_12_23.ply,21,VID_20220217_101324_mod4_12_23.ply,21,21,True,2.958438766431895e-16,0.2,8.0
0,VID_20220217_101324_mod4_12_23.ply,21,VID_20220217_101324_mod4_3_13.ply,26,14,True,0.009897765909171345,0.2,8.0
0,VID_20220217_101324_mod4_12_23.ply,21,VID_20220217_101324_mod4_10_16.ply,21,7,True,0.010512410871974525,0.2,8.0
0,VID_20220217_101324_mod4_12_23.ply,21,VID_20220217_101324_mod4_6_23.ply,17,5,True,0.006394674694136461,0.2,8.0
0,VID_20220217_101324_mod4_3_13.ply,26,VID_20220217_101324_mod4_1_23.ply,18,8,True,0.004185129181368486,0.2,8.0
0,VID_20220217_101324_mod4_3_13.ply,26,VID_20220217_101324_mod4_5_21.ply,21,12,True,0.00805946113993905,0.2,8.0
0,VID_20220217_101324_mod4_3_13.ply,26,VID_20220217_101324_mod4_7_15.ply,21,18,True,0.010346175435701342,0.2,8.0
0,VID_20220217_101324_mod4_3_13.ply,26,VID_20220217_101324_mod4_3_17.ply,20,14,True,0.00521035759243448,0.2,8.0
0,VID_20220217_101324_mod4_3_13.ply,26,VID_20220217_101324_mod4_8_15.ply,23,12,True,0.008636364339529861,0.2,8.0
0,VID_20220217_101324_mod4_3_13.ply,26,VID_20220217_101324_mod4_2_15.ply,21,14,True,0.009951867272675394,0.2,8.0
0,VID_20220217_101324_mod4_3_13.ply,26,VID_20220217_101324_mod4_18_24.ply,27,4,True,0.04979675014184244,0.2,8.0
0,VID_20220217_101324_mod4_3_13.ply,26,VID_20220217_101324_mod4_5_18.ply,22,14,True,0.00723911639951124,0.2,8.0
0,VID_20220217_101324_mod4_3_13.ply,26,VID_20220217_101324_mod4_2_23.ply,16,3,True,0.004472893404128161,0.2,8.0
0,VID_20220217_101324_mod4_3_13.ply,26,VID_20220217_101324_mod4_11_22.ply,18,10,True,0.01165446117255182,0.2,8.0
0,VID_20220217_101324_mod4_3_13.ply,26,VID_20220217_101324_mod4_11_24.ply,18,4,True,0.010875085988627589,0.2,8.0
0,VID_20220217_101324_mod4_3_13.ply,26,VID_20220217_101324_mod4_10_24.ply,19,4,True,0.00380048366707182,0.2,8.0
0,VID_20220217_101324_mod4_3_13.ply,26,VID_20220217_101324_mod4_3_21.ply,21,16,True,0.007709487391911924,0.2,8.0
0,VID_20220217_101324_mod4_3_13.ply,26,VID_20220217_101324_mod4_2_19.ply,17,3,True,0.006108657033225979,0.2,8.0
0,VID_20220217_101324_mod4_3_13.ply,26,VID_20220217_101324_mod4_10_21.ply,21,7,True,0.008143588240011133,0.2,8.0
0,VID_20220217_101324_mod4_3_13.ply,26,VID_20220217_101324_mod4_1_8.ply,32,8,True,0.04297683268940741,0.2,8.0
0,VID_20220217_101324_mod4_3_13.ply,26,VID_20220217_101324_mod4_12_23.ply,21,14,True,0.017599849146635184,0.2,8.0
0,VID_20220217_101324_mod4_3_13.ply,26,VID_20220217_101324_mod4_3_13.ply,26,26,True,6.339451705769351e-17,0.2,8.0
0,VID_20220217_101324_mod4_3_13.ply,26,VID_20220217_101324_mod4_10_16.ply,21,11,True,0.015946739544040186,0.2,8.0
0,VID_20220217_101324_mod4_3_13.ply,26,VID_20220217_101324_mod4_6_23.ply,17,7,True,0.007021472770054128,0.2,8.0
0,VID_20220217_101324_mod4_10_16.ply,21,VID_20220217_101324_mod4_1_23.ply,18,8,True,0.006879999526969015,0.2,8.0
0,VID_20220217_101324_mod4_10_16.ply,21,VID_20220217_101324_mod4_5_21.ply,21,6,True,0.008877979913538994,0.2,8.0
0,VID_20220217_101324_mod4_10_16.ply,21,VID_20220217_101324_mod4_7_15.ply,21,10,True,0.011835653891802665,0.2,8.0
0,VID_20220217_101324_mod4_10_16.ply,21,VID_20220217_101324_mod4_3_17.ply,20,10,True,0.005889975330660473,0.2,8.0
0,VID_20220217_101324_mod4_10_16.ply,21,VID_20220217_101324_mod4_8_15.ply,23,16,True,0.010711092746976887,0.2,8.0
0,VID_20220217_101324_mod4_10_16.ply,21,VID_20220217_101324_mod4_2_15.ply,21,6,True,0.004990227021673074,0.2,8.0
0,VID_20220217_101324_mod4_10_16.ply,21,VID_20220217_101324_mod4_18_24.ply,27,4,True,0.03835238298592227,0.2,8.0
0,VID_20220217_101324_mod4_10_16.ply,21,VID_20220217_101324_mod4_5_18.ply,22,4,True,0.005818601890569886,0.2,8.0
0,VID_20220217_101324_mod4_10_16.ply,21,VID_20220217_101324_mod4_2_23.ply,16,3,True,0.003158961459257463,0.2,8.0
0,VID_20220217_101324_mod4_10_16.ply,21,VID_20220217_101324_mod4_11_22.ply,18,4,True,0.011830179675308293,0.2,8.0
0,VID_20220217_101324_mod4_10_16.ply,21,VID_20220217_101324_mod4_11_24.ply,18,4,True,0.00501954784507368,0.2,8.0
0,VID_20220217_101324_mod4_10_16.ply,21,VID_20220217_101324_mod4_10_24.ply,19,6,True,0.004935223713014982,0.2,8.0
0,VID_20220217_101324_mod4_10_16.ply,21,VID_20220217_101324_mod4_3_21.ply,21,8,True,0.006948668899531323,0.2,8.0
0,VID_20220217_101324_mod4_10_16.ply,21,VID_20220217_101324_mod4_2_19.ply,17,3,True,0.005803322765847766,0.2,8.0
0,VID_20220217_101324_mod4_10_16.ply,21,VID_20220217_101324_mod4_10_21.ply,21,4,True,0.012722395531354697,0.2,8.0
0,VID_20220217_101324_mod4_10_16.ply,21,VID_20220217_101324_mod4_1_8.ply,32,5,True,0.050844997552720685,0.2,8.0
0,VID_20220217_101324_mod4_10_16.ply,21,VID_20220217_101324_mod4_12_23.ply,21,8,True,0.011190383549537677,0.2,8.0
0,VID_20220217_101324_mod4_10_16.ply,21,VID_20220217_101324_mod4_3_13.ply,26,11,True,0.010143112954240014,0.2,8.0
0,VID_20220217_101324_mod4_10_16.ply,21,VID_20220217_101324_mod4_10_16.ply,21,21,True,1.1269124894142233e-16,0.2,8.0
0,VID_20220217_101324_mod4_10_16.ply,21,VID_20220217_101324_mod4_6_23.ply,17,4,True,0.008400576971043044,0.2,8.0
0,VID_20220217_101324_mod4_6_23.ply,17,VID_20220217_101324_mod4_1_23.ply,18,13,True,0.007477316317074331,0.2,8.0
0,VID_20220217_101324_mod4_6_23.ply,17,VID_20220217_101324_mod4_5_21.ply,21,4,True,0.00891434626701854,0.2,8.0
0,VID_20220217_101324_mod4_6_23.ply,17,VID_20220217_101324_mod4_7_15.ply,21,5,True,0.008906530939802662,0.2,8.0
0,VID_20220217_101324_mod4_6_23.ply,17,VID_20220217_101324_mod4_3_17.ply,20,4,True,0.0035506677401240436,0.2,8.0
0,VID_20220217_101324_mod4_6_23.ply,17,VID_20220217_101324_mod4_8_15.ply,23,4,True,0.006006979026775519,0.2,8.0
0,VID_20220217_101324_mod4_6_23.ply,17,VID_20220217_101324_mod4_2_15.ply,21,10,True,0.011714916180284892,0.2,8.0
0,VID_20220217_101324_mod4_6_23.ply,17,VID_20220217_101324_mod4_18_24.ply,27,4,True,0.0701979828303076,0.2,8.0
0,VID_20220217_101324_mod4_6_23.ply,17,VID_20220217_101324_mod4_5_18.ply,22,5,True,0.008171939907767831,0.2,8.0
0,VID_20220217_101324_mod4_6_23.ply,17,VID_20220217_101324_mod4_2_23.ply,16,7,True,0.010006013930425354,0.2,8.0
0,VID_20220217_101324_mod4_6_23.ply,17,VID_20220217_101324_mod4_11_22.ply,18,3,True,0.0020522512229374625,0.2,8.0
0,VID_20220217_101324_mod4_6_23.ply,17,VID_20220217_101324_mod4_11_24.ply,18,6,True,0.009000723233449562,0.2,8.0
0,VID_20220217_101324_mod4_6_23.ply,17,VID_20220217_101324_mod4_10_24.ply,19,4,True,0.0066931866955501585,0.2,8.0
0,VID_20220217_101324_mod4_6_23.ply,17,VID_20220217_101324_mod4_3_21.ply,21,5,True,0.005107827289569785,0.2,8.0
0,VID_20220217_101324_mod4_6_23.ply,17,VID_20220217_101324_mod4_2_19.ply,17,5,True,0.008007533443893837,0.2,8.0
0,VID_20220217_101324_mod4_6_23.ply,17,VID_20220217_101324_mod4_10_21.ply,21,5,True,0.012184628270905934,0.2,8.0
0,VID_20220217_101324_mod4_6_23.ply,17,VID_20220217_101324_mod4_1_8.ply,32,4,True,0.031985211480802,0.2,8.0
0,VID_20220217_101324_mod4_6_23.ply,17,VID_20220217_101324_mod4_12_23.ply,21,7,True,0.01706764546207427,0.2,8.0
0,VID_20220217_101324_mod4_6_23.ply,17,VID_20220217_101324_mod4_3_13.ply,26,8,True,0.009994572139246092,0.2,8.0
0,VID_20220217_101324_mod4_6_23.ply,17,VID_20220217_101324_mod4_10_16.ply,21,4,True,0.009223335354943307,0.2,8.0
0,VID_20220217_101324_mod4_6_23.ply,17,VID_20220217_101324_mod4_6_23.ply,17,17,True,1.0800911458628972e-16,0.2,8.0
