,subnube1,tamaño_subnube1,subnube2,tamaño_subnube2,matcheos,rmse,radio,giros
0,0,5,0,5,0,inf,0.1,4
1,0,5,0,5,0,inf,0.2,4
2,0,5,0,5,0,inf,0.3,4
3,0,5,0,5,0,inf,0.4,4
4,0,5,0,5,0,inf,0.5,4
5,0,5,0,5,0,inf,1.0,4
6,0,5,1,5,0,inf,0.1,4
7,0,5,1,5,0,inf,0.2,4
8,0,5,1,5,0,inf,0.3,4
9,0,5,1,5,0,inf,0.4,4
10,0,5,1,5,0,inf,0.5,4
11,0,5,1,5,0,inf,1.0,4
12,0,5,2,7,0,inf,0.1,4
13,0,5,2,7,0,inf,0.2,4
14,0,5,2,7,0,inf,0.3,4
15,0,5,2,7,0,inf,0.4,4
16,0,5,2,7,0,inf,0.5,4
17,0,5,2,7,0,inf,1.0,4
18,0,5,3,7,0,inf,0.1,4
19,0,5,3,7,0,inf,0.2,4
20,0,5,3,7,0,inf,0.3,4
21,0,5,3,7,0,inf,0.4,4
22,0,5,3,7,0,inf,0.5,4
23,0,5,3,7,0,inf,1.0,4
24,0,5,4,7,0,inf,0.1,4
25,0,5,4,7,0,inf,0.2,4
26,0,5,4,7,0,inf,0.3,4
27,0,5,4,7,0,inf,0.4,4
28,0,5,4,7,0,inf,0.5,4
29,0,5,4,7,0,inf,1.0,4
30,0,5,5,5,0,inf,0.1,4
31,0,5,5,5,0,inf,0.2,4
32,0,5,5,5,0,inf,0.3,4
33,0,5,5,5,0,inf,0.4,4
34,0,5,5,5,0,inf,0.5,4
35,0,5,5,5,0,inf,1.0,4
36,0,5,6,5,0,inf,0.1,4
37,0,5,6,5,0,inf,0.2,4
38,0,5,6,5,0,inf,0.3,4
39,0,5,6,5,0,inf,0.4,4
40,0,5,6,5,0,inf,0.5,4
41,0,5,6,5,0,inf,1.0,4
42,0,5,7,5,0,inf,0.1,4
43,0,5,7,5,0,inf,0.2,4
44,0,5,7,5,0,inf,0.3,4
45,0,5,7,5,0,inf,0.4,4
46,0,5,7,5,0,inf,0.5,4
47,0,5,7,5,0,inf,1.0,4
48,0,5,8,5,0,inf,0.1,4
49,0,5,8,5,0,inf,0.2,4
50,0,5,8,5,0,inf,0.3,4
51,0,5,8,5,0,inf,0.4,4
52,0,5,8,5,0,inf,0.5,4
53,0,5,8,5,0,inf,1.0,4
54,0,5,9,6,0,inf,0.1,4
55,0,5,9,6,0,inf,0.2,4
56,0,5,9,6,0,inf,0.3,4
57,0,5,9,6,0,inf,0.4,4
58,0,5,9,6,0,inf,0.5,4
59,0,5,9,6,0,inf,1.0,4
60,0,5,10,6,0,inf,0.1,4
61,0,5,10,6,0,inf,0.2,4
62,0,5,10,6,0,inf,0.3,4
63,0,5,10,6,0,inf,0.4,4
64,0,5,10,6,0,inf,0.5,4
65,0,5,10,6,0,inf,1.0,4
66,0,5,11,6,0,inf,0.1,4
67,0,5,11,6,0,inf,0.2,4
68,0,5,11,6,0,inf,0.3,4
69,0,5,11,6,0,inf,0.4,4
70,0,5,11,6,0,inf,0.5,4
71,0,5,11,6,0,inf,1.0,4
72,0,5,12,6,0,inf,0.1,4
73,0,5,12,6,0,inf,0.2,4
74,0,5,12,6,0,inf,0.3,4
75,0,5,12,6,0,inf,0.4,4
76,0,5,12,6,0,inf,0.5,4
77,0,5,12,6,0,inf,1.0,4
78,1,5,0,5,0,inf,0.1,4
79,1,5,0,5,0,inf,0.2,4
80,1,5,0,5,0,inf,0.3,4
81,1,5,0,5,0,inf,0.4,4
82,1,5,0,5,0,inf,0.5,4
83,1,5,0,5,0,inf,1.0,4
84,1,5,1,5,0,inf,0.1,4
85,1,5,1,5,0,inf,0.2,4
86,1,5,1,5,0,inf,0.3,4
87,1,5,1,5,0,inf,0.4,4
88,1,5,1,5,0,inf,0.5,4
89,1,5,1,5,0,inf,1.0,4
90,1,5,2,7,0,inf,0.1,4
91,1,5,2,7,0,inf,0.2,4
92,1,5,2,7,0,inf,0.3,4
93,1,5,2,7,0,inf,0.4,4
94,1,5,2,7,0,inf,0.5,4
95,1,5,2,7,0,inf,1.0,4
96,1,5,3,7,0,inf,0.1,4
97,1,5,3,7,0,inf,0.2,4
98,1,5,3,7,0,inf,0.3,4
99,1,5,3,7,0,inf,0.4,4
100,1,5,3,7,0,inf,0.5,4
101,1,5,3,7,0,inf,1.0,4
102,1,5,4,7,0,inf,0.1,4
103,1,5,4,7,0,inf,0.2,4
104,1,5,4,7,0,inf,0.3,4
105,1,5,4,7,0,inf,0.4,4
106,1,5,4,7,0,inf,0.5,4
107,1,5,4,7,0,inf,1.0,4
108,1,5,5,5,0,inf,0.1,4
109,1,5,5,5,0,inf,0.2,4
110,1,5,5,5,0,inf,0.3,4
111,1,5,5,5,0,inf,0.4,4
112,1,5,5,5,0,inf,0.5,4
113,1,5,5,5,0,inf,1.0,4
114,1,5,6,5,0,inf,0.1,4
115,1,5,6,5,0,inf,0.2,4
116,1,5,6,5,0,inf,0.3,4
117,1,5,6,5,0,inf,0.4,4
118,1,5,6,5,0,inf,0.5,4
119,1,5,6,5,0,inf,1.0,4
120,1,5,7,5,0,inf,0.1,4
121,1,5,7,5,0,inf,0.2,4
122,1,5,7,5,0,inf,0.3,4
123,1,5,7,5,0,inf,0.4,4
124,1,5,7,5,0,inf,0.5,4
125,1,5,7,5,0,inf,1.0,4
126,1,5,8,5,0,inf,0.1,4
127,1,5,8,5,0,inf,0.2,4
128,1,5,8,5,0,inf,0.3,4
129,1,5,8,5,0,inf,0.4,4
130,1,5,8,5,0,inf,0.5,4
131,1,5,8,5,0,inf,1.0,4
132,1,5,9,6,0,inf,0.1,4
133,1,5,9,6,0,inf,0.2,4
134,1,5,9,6,0,inf,0.3,4
135,1,5,9,6,0,inf,0.4,4
136,1,5,9,6,0,inf,0.5,4
137,1,5,9,6,0,inf,1.0,4
138,1,5,10,6,0,inf,0.1,4
139,1,5,10,6,0,inf,0.2,4
140,1,5,10,6,0,inf,0.3,4
141,1,5,10,6,0,inf,0.4,4
142,1,5,10,6,0,inf,0.5,4
143,1,5,10,6,0,inf,1.0,4
144,1,5,11,6,0,inf,0.1,4
145,1,5,11,6,0,inf,0.2,4
146,1,5,11,6,0,inf,0.3,4
147,1,5,11,6,0,inf,0.4,4
148,1,5,11,6,0,inf,0.5,4
149,1,5,11,6,0,inf,1.0,4
150,1,5,12,6,0,inf,0.1,4
151,1,5,12,6,0,inf,0.2,4
152,1,5,12,6,0,inf,0.3,4
153,1,5,12,6,0,inf,0.4,4
154,1,5,12,6,0,inf,0.5,4
155,1,5,12,6,0,inf,1.0,4
156,2,6,0,5,0,inf,0.1,4
157,2,6,0,5,0,inf,0.2,4
158,2,6,0,5,0,inf,0.3,4
159,2,6,0,5,0,inf,0.4,4
160,2,6,0,5,0,inf,0.5,4
161,2,6,0,5,0,inf,1.0,4
162,2,6,1,5,0,inf,0.1,4
163,2,6,1,5,0,inf,0.2,4
164,2,6,1,5,0,inf,0.3,4
165,2,6,1,5,0,inf,0.4,4
166,2,6,1,5,0,inf,0.5,4
167,2,6,1,5,0,inf,1.0,4
168,2,6,2,7,0,inf,0.1,4
169,2,6,2,7,0,inf,0.2,4
170,2,6,2,7,0,inf,0.3,4
171,2,6,2,7,0,inf,0.4,4
172,2,6,2,7,0,inf,0.5,4
173,2,6,2,7,0,inf,1.0,4
174,2,6,3,7,0,inf,0.1,4
175,2,6,3,7,0,inf,0.2,4
176,2,6,3,7,0,inf,0.3,4
177,2,6,3,7,0,inf,0.4,4
178,2,6,3,7,0,inf,0.5,4
179,2,6,3,7,0,inf,1.0,4
180,2,6,4,7,0,inf,0.1,4
181,2,6,4,7,0,inf,0.2,4
182,2,6,4,7,0,inf,0.3,4
183,2,6,4,7,0,inf,0.4,4
184,2,6,4,7,0,inf,0.5,4
185,2,6,4,7,0,inf,1.0,4
186,2,6,5,5,0,inf,0.1,4
187,2,6,5,5,0,inf,0.2,4
188,2,6,5,5,0,inf,0.3,4
189,2,6,5,5,0,inf,0.4,4
190,2,6,5,5,0,inf,0.5,4
191,2,6,5,5,0,inf,1.0,4
192,2,6,6,5,0,inf,0.1,4
193,2,6,6,5,0,inf,0.2,4
194,2,6,6,5,0,inf,0.3,4
195,2,6,6,5,0,inf,0.4,4
196,2,6,6,5,0,inf,0.5,4
197,2,6,6,5,0,inf,1.0,4
198,2,6,7,5,0,inf,0.1,4
199,2,6,7,5,0,inf,0.2,4
200,2,6,7,5,0,inf,0.3,4
201,2,6,7,5,0,inf,0.4,4
202,2,6,7,5,0,inf,0.5,4
203,2,6,7,5,0,inf,1.0,4
204,2,6,8,5,0,inf,0.1,4
205,2,6,8,5,0,inf,0.2,4
206,2,6,8,5,0,inf,0.3,4
207,2,6,8,5,0,inf,0.4,4
208,2,6,8,5,0,inf,0.5,4
209,2,6,8,5,0,inf,1.0,4
210,2,6,9,6,0,inf,0.1,4
211,2,6,9,6,0,inf,0.2,4
212,2,6,9,6,0,inf,0.3,4
213,2,6,9,6,0,inf,0.4,4
214,2,6,9,6,0,inf,0.5,4
215,2,6,9,6,0,inf,1.0,4
216,2,6,10,6,0,inf,0.1,4
217,2,6,10,6,0,inf,0.2,4
218,2,6,10,6,0,inf,0.3,4
219,2,6,10,6,0,inf,0.4,4
220,2,6,10,6,0,inf,0.5,4
221,2,6,10,6,0,inf,1.0,4
222,2,6,11,6,0,inf,0.1,4
223,2,6,11,6,0,inf,0.2,4
224,2,6,11,6,0,inf,0.3,4
225,2,6,11,6,0,inf,0.4,4
226,2,6,11,6,0,inf,0.5,4
227,2,6,11,6,0,inf,1.0,4
228,2,6,12,6,0,inf,0.1,4
229,2,6,12,6,0,inf,0.2,4
230,2,6,12,6,0,inf,0.3,4
231,2,6,12,6,0,inf,0.4,4
232,2,6,12,6,0,inf,0.5,4
233,2,6,12,6,0,inf,1.0,4
234,3,6,0,5,0,inf,0.1,4
235,3,6,0,5,0,inf,0.2,4
236,3,6,0,5,0,inf,0.3,4
237,3,6,0,5,0,inf,0.4,4
238,3,6,0,5,0,inf,0.5,4
239,3,6,0,5,0,inf,1.0,4
240,3,6,1,5,0,inf,0.1,4
241,3,6,1,5,0,inf,0.2,4
242,3,6,1,5,0,inf,0.3,4
243,3,6,1,5,0,inf,0.4,4
244,3,6,1,5,0,inf,0.5,4
245,3,6,1,5,0,inf,1.0,4
246,3,6,2,7,0,inf,0.1,4
247,3,6,2,7,0,inf,0.2,4
248,3,6,2,7,0,inf,0.3,4
249,3,6,2,7,0,inf,0.4,4
250,3,6,2,7,0,inf,0.5,4
251,3,6,2,7,0,inf,1.0,4
252,3,6,3,7,0,inf,0.1,4
253,3,6,3,7,0,inf,0.2,4
254,3,6,3,7,0,inf,0.3,4
255,3,6,3,7,0,inf,0.4,4
256,3,6,3,7,0,inf,0.5,4
257,3,6,3,7,0,inf,1.0,4
258,3,6,4,7,0,inf,0.1,4
259,3,6,4,7,0,inf,0.2,4
260,3,6,4,7,0,inf,0.3,4
261,3,6,4,7,0,inf,0.4,4
262,3,6,4,7,0,inf,0.5,4
263,3,6,4,7,0,inf,1.0,4
264,3,6,5,5,0,inf,0.1,4
265,3,6,5,5,0,inf,0.2,4
266,3,6,5,5,0,inf,0.3,4
267,3,6,5,5,0,inf,0.4,4
268,3,6,5,5,0,inf,0.5,4
269,3,6,5,5,0,inf,1.0,4
270,3,6,6,5,0,inf,0.1,4
271,3,6,6,5,0,inf,0.2,4
272,3,6,6,5,0,inf,0.3,4
273,3,6,6,5,0,inf,0.4,4
274,3,6,6,5,0,inf,0.5,4
275,3,6,6,5,0,inf,1.0,4
276,3,6,7,5,0,inf,0.1,4
277,3,6,7,5,0,inf,0.2,4
278,3,6,7,5,0,inf,0.3,4
279,3,6,7,5,0,inf,0.4,4
280,3,6,7,5,0,inf,0.5,4
281,3,6,7,5,0,inf,1.0,4
282,3,6,8,5,0,inf,0.1,4
283,3,6,8,5,0,inf,0.2,4
284,3,6,8,5,0,inf,0.3,4
285,3,6,8,5,0,inf,0.4,4
286,3,6,8,5,0,inf,0.5,4
287,3,6,8,5,0,inf,1.0,4
288,3,6,9,6,0,inf,0.1,4
289,3,6,9,6,0,inf,0.2,4
290,3,6,9,6,0,inf,0.3,4
291,3,6,9,6,0,inf,0.4,4
292,3,6,9,6,0,inf,0.5,4
293,3,6,9,6,0,inf,1.0,4
294,3,6,10,6,0,inf,0.1,4
295,3,6,10,6,0,inf,0.2,4
296,3,6,10,6,0,inf,0.3,4
297,3,6,10,6,0,inf,0.4,4
298,3,6,10,6,0,inf,0.5,4
299,3,6,10,6,0,inf,1.0,4
300,3,6,11,6,0,inf,0.1,4
301,3,6,11,6,0,inf,0.2,4
302,3,6,11,6,0,inf,0.3,4
303,3,6,11,6,0,inf,0.4,4
304,3,6,11,6,0,inf,0.5,4
305,3,6,11,6,0,inf,1.0,4
306,3,6,12,6,0,inf,0.1,4
307,3,6,12,6,0,inf,0.2,4
308,3,6,12,6,0,inf,0.3,4
309,3,6,12,6,0,inf,0.4,4
310,3,6,12,6,0,inf,0.5,4
311,3,6,12,6,0,inf,1.0,4
312,4,7,0,5,0,inf,0.1,4
313,4,7,0,5,0,inf,0.2,4
314,4,7,0,5,0,inf,0.3,4
315,4,7,0,5,0,inf,0.4,4
316,4,7,0,5,0,inf,0.5,4
317,4,7,0,5,0,inf,1.0,4
318,4,7,1,5,0,inf,0.1,4
319,4,7,1,5,0,inf,0.2,4
320,4,7,1,5,0,inf,0.3,4
321,4,7,1,5,0,inf,0.4,4
322,4,7,1,5,0,inf,0.5,4
323,4,7,1,5,0,inf,1.0,4
324,4,7,2,7,0,inf,0.1,4
325,4,7,2,7,0,inf,0.2,4
326,4,7,2,7,0,inf,0.3,4
327,4,7,2,7,0,inf,0.4,4
328,4,7,2,7,0,inf,0.5,4
329,4,7,2,7,0,inf,1.0,4
330,4,7,3,7,0,inf,0.1,4
331,4,7,3,7,0,inf,0.2,4
332,4,7,3,7,0,inf,0.3,4
333,4,7,3,7,0,inf,0.4,4
334,4,7,3,7,0,inf,0.5,4
335,4,7,3,7,0,inf,1.0,4
336,4,7,4,7,0,inf,0.1,4
337,4,7,4,7,0,inf,0.2,4
338,4,7,4,7,0,inf,0.3,4
339,4,7,4,7,0,inf,0.4,4
340,4,7,4,7,0,inf,0.5,4
341,4,7,4,7,0,inf,1.0,4
342,4,7,5,5,0,inf,0.1,4
343,4,7,5,5,0,inf,0.2,4
344,4,7,5,5,0,inf,0.3,4
345,4,7,5,5,0,inf,0.4,4
346,4,7,5,5,0,inf,0.5,4
347,4,7,5,5,0,inf,1.0,4
348,4,7,6,5,0,inf,0.1,4
349,4,7,6,5,0,inf,0.2,4
350,4,7,6,5,0,inf,0.3,4
351,4,7,6,5,0,inf,0.4,4
352,4,7,6,5,0,inf,0.5,4
353,4,7,6,5,0,inf,1.0,4
354,4,7,7,5,0,inf,0.1,4
355,4,7,7,5,0,inf,0.2,4
356,4,7,7,5,0,inf,0.3,4
357,4,7,7,5,0,inf,0.4,4
358,4,7,7,5,0,inf,0.5,4
359,4,7,7,5,0,inf,1.0,4
360,4,7,8,5,0,inf,0.1,4
361,4,7,8,5,0,inf,0.2,4
362,4,7,8,5,0,inf,0.3,4
363,4,7,8,5,0,inf,0.4,4
364,4,7,8,5,0,inf,0.5,4
365,4,7,8,5,0,inf,1.0,4
366,4,7,9,6,0,inf,0.1,4
367,4,7,9,6,0,inf,0.2,4
368,4,7,9,6,0,inf,0.3,4
369,4,7,9,6,0,inf,0.4,4
370,4,7,9,6,0,inf,0.5,4
371,4,7,9,6,0,inf,1.0,4
372,4,7,10,6,0,inf,0.1,4
373,4,7,10,6,0,inf,0.2,4
374,4,7,10,6,0,inf,0.3,4
375,4,7,10,6,0,inf,0.4,4
376,4,7,10,6,0,inf,0.5,4
377,4,7,10,6,0,inf,1.0,4
378,4,7,11,6,0,inf,0.1,4
379,4,7,11,6,0,inf,0.2,4
380,4,7,11,6,0,inf,0.3,4
381,4,7,11,6,0,inf,0.4,4
382,4,7,11,6,0,inf,0.5,4
383,4,7,11,6,0,inf,1.0,4
384,4,7,12,6,0,inf,0.1,4
385,4,7,12,6,0,inf,0.2,4
386,4,7,12,6,0,inf,0.3,4
387,4,7,12,6,0,inf,0.4,4
388,4,7,12,6,0,inf,0.5,4
389,4,7,12,6,0,inf,1.0,4
390,5,7,0,5,0,inf,0.1,4
391,5,7,0,5,0,inf,0.2,4
392,5,7,0,5,0,inf,0.3,4
393,5,7,0,5,0,inf,0.4,4
394,5,7,0,5,0,inf,0.5,4
395,5,7,0,5,0,inf,1.0,4
396,5,7,1,5,0,inf,0.1,4
397,5,7,1,5,0,inf,0.2,4
398,5,7,1,5,0,inf,0.3,4
399,5,7,1,5,0,inf,0.4,4
400,5,7,1,5,0,inf,0.5,4
401,5,7,1,5,0,inf,1.0,4
402,5,7,2,7,0,inf,0.1,4
403,5,7,2,7,0,inf,0.2,4
404,5,7,2,7,0,inf,0.3,4
405,5,7,2,7,0,inf,0.4,4
406,5,7,2,7,0,inf,0.5,4
407,5,7,2,7,0,inf,1.0,4
408,5,7,3,7,0,inf,0.1,4
409,5,7,3,7,0,inf,0.2,4
410,5,7,3,7,0,inf,0.3,4
411,5,7,3,7,0,inf,0.4,4
412,5,7,3,7,0,inf,0.5,4
413,5,7,3,7,0,inf,1.0,4
414,5,7,4,7,0,inf,0.1,4
415,5,7,4,7,0,inf,0.2,4
416,5,7,4,7,0,inf,0.3,4
417,5,7,4,7,0,inf,0.4,4
418,5,7,4,7,0,inf,0.5,4
419,5,7,4,7,0,inf,1.0,4
420,5,7,5,5,0,inf,0.1,4
421,5,7,5,5,0,inf,0.2,4
422,5,7,5,5,0,inf,0.3,4
423,5,7,5,5,0,inf,0.4,4
424,5,7,5,5,0,inf,0.5,4
425,5,7,5,5,0,inf,1.0,4
426,5,7,6,5,0,inf,0.1,4
427,5,7,6,5,0,inf,0.2,4
428,5,7,6,5,0,inf,0.3,4
429,5,7,6,5,0,inf,0.4,4
430,5,7,6,5,0,inf,0.5,4
431,5,7,6,5,0,inf,1.0,4
432,5,7,7,5,0,inf,0.1,4
433,5,7,7,5,0,inf,0.2,4
434,5,7,7,5,0,inf,0.3,4
435,5,7,7,5,0,inf,0.4,4
436,5,7,7,5,0,inf,0.5,4
437,5,7,7,5,0,inf,1.0,4
438,5,7,8,5,0,inf,0.1,4
439,5,7,8,5,0,inf,0.2,4
440,5,7,8,5,0,inf,0.3,4
441,5,7,8,5,0,inf,0.4,4
442,5,7,8,5,0,inf,0.5,4
443,5,7,8,5,0,inf,1.0,4
444,5,7,9,6,0,inf,0.1,4
445,5,7,9,6,0,inf,0.2,4
446,5,7,9,6,0,inf,0.3,4
447,5,7,9,6,0,inf,0.4,4
448,5,7,9,6,0,inf,0.5,4
449,5,7,9,6,0,inf,1.0,4
450,5,7,10,6,0,inf,0.1,4
451,5,7,10,6,0,inf,0.2,4
452,5,7,10,6,0,inf,0.3,4
453,5,7,10,6,0,inf,0.4,4
454,5,7,10,6,0,inf,0.5,4
455,5,7,10,6,0,inf,1.0,4
456,5,7,11,6,0,inf,0.1,4
457,5,7,11,6,0,inf,0.2,4
458,5,7,11,6,0,inf,0.3,4
459,5,7,11,6,0,inf,0.4,4
460,5,7,11,6,0,inf,0.5,4
461,5,7,11,6,0,inf,1.0,4
462,5,7,12,6,0,inf,0.1,4
463,5,7,12,6,0,inf,0.2,4
464,5,7,12,6,0,inf,0.3,4
465,5,7,12,6,0,inf,0.4,4
466,5,7,12,6,0,inf,0.5,4
467,5,7,12,6,0,inf,1.0,4
468,6,7,0,5,0,inf,0.1,4
469,6,7,0,5,0,inf,0.2,4
470,6,7,0,5,0,inf,0.3,4
471,6,7,0,5,0,inf,0.4,4
472,6,7,0,5,0,inf,0.5,4
473,6,7,0,5,0,inf,1.0,4
474,6,7,1,5,0,inf,0.1,4
475,6,7,1,5,0,inf,0.2,4
476,6,7,1,5,0,inf,0.3,4
477,6,7,1,5,0,inf,0.4,4
478,6,7,1,5,0,inf,0.5,4
479,6,7,1,5,0,inf,1.0,4
480,6,7,2,7,0,inf,0.1,4
481,6,7,2,7,0,inf,0.2,4
482,6,7,2,7,0,inf,0.3,4
483,6,7,2,7,0,inf,0.4,4
484,6,7,2,7,0,inf,0.5,4
485,6,7,2,7,0,inf,1.0,4
486,6,7,3,7,0,inf,0.1,4
487,6,7,3,7,0,inf,0.2,4
488,6,7,3,7,0,inf,0.3,4
489,6,7,3,7,0,inf,0.4,4
490,6,7,3,7,0,inf,0.5,4
491,6,7,3,7,0,inf,1.0,4
492,6,7,4,7,0,inf,0.1,4
493,6,7,4,7,0,inf,0.2,4
494,6,7,4,7,0,inf,0.3,4
495,6,7,4,7,0,inf,0.4,4
496,6,7,4,7,0,inf,0.5,4
497,6,7,4,7,0,inf,1.0,4
498,6,7,5,5,0,inf,0.1,4
499,6,7,5,5,0,inf,0.2,4
500,6,7,5,5,0,inf,0.3,4
501,6,7,5,5,0,inf,0.4,4
502,6,7,5,5,0,inf,0.5,4
503,6,7,5,5,0,inf,1.0,4
504,6,7,6,5,0,inf,0.1,4
505,6,7,6,5,0,inf,0.2,4
506,6,7,6,5,0,inf,0.3,4
507,6,7,6,5,0,inf,0.4,4
508,6,7,6,5,0,inf,0.5,4
509,6,7,6,5,0,inf,1.0,4
510,6,7,7,5,0,inf,0.1,4
511,6,7,7,5,0,inf,0.2,4
512,6,7,7,5,0,inf,0.3,4
513,6,7,7,5,0,inf,0.4,4
514,6,7,7,5,0,inf,0.5,4
515,6,7,7,5,0,inf,1.0,4
516,6,7,8,5,0,inf,0.1,4
517,6,7,8,5,0,inf,0.2,4
518,6,7,8,5,0,inf,0.3,4
519,6,7,8,5,0,inf,0.4,4
520,6,7,8,5,0,inf,0.5,4
521,6,7,8,5,0,inf,1.0,4
522,6,7,9,6,0,inf,0.1,4
523,6,7,9,6,0,inf,0.2,4
524,6,7,9,6,0,inf,0.3,4
525,6,7,9,6,0,inf,0.4,4
526,6,7,9,6,0,inf,0.5,4
527,6,7,9,6,0,inf,1.0,4
528,6,7,10,6,0,inf,0.1,4
529,6,7,10,6,0,inf,0.2,4
530,6,7,10,6,0,inf,0.3,4
531,6,7,10,6,0,inf,0.4,4
532,6,7,10,6,0,inf,0.5,4
533,6,7,10,6,0,inf,1.0,4
534,6,7,11,6,0,inf,0.1,4
535,6,7,11,6,0,inf,0.2,4
536,6,7,11,6,0,inf,0.3,4
537,6,7,11,6,0,inf,0.4,4
538,6,7,11,6,0,inf,0.5,4
539,6,7,11,6,0,inf,1.0,4
540,6,7,12,6,0,inf,0.1,4
541,6,7,12,6,0,inf,0.2,4
542,6,7,12,6,0,inf,0.3,4
543,6,7,12,6,0,inf,0.4,4
544,6,7,12,6,0,inf,0.5,4
545,6,7,12,6,0,inf,1.0,4
546,7,7,0,5,0,inf,0.1,4
547,7,7,0,5,0,inf,0.2,4
548,7,7,0,5,0,inf,0.3,4
549,7,7,0,5,0,inf,0.4,4
550,7,7,0,5,0,inf,0.5,4
551,7,7,0,5,0,inf,1.0,4
552,7,7,1,5,0,inf,0.1,4
553,7,7,1,5,0,inf,0.2,4
554,7,7,1,5,0,inf,0.3,4
555,7,7,1,5,0,inf,0.4,4
556,7,7,1,5,0,inf,0.5,4
557,7,7,1,5,0,inf,1.0,4
558,7,7,2,7,0,inf,0.1,4
559,7,7,2,7,0,inf,0.2,4
560,7,7,2,7,0,inf,0.3,4
561,7,7,2,7,0,inf,0.4,4
562,7,7,2,7,0,inf,0.5,4
563,7,7,2,7,0,inf,1.0,4
564,7,7,3,7,0,inf,0.1,4
565,7,7,3,7,0,inf,0.2,4
566,7,7,3,7,0,inf,0.3,4
567,7,7,3,7,0,inf,0.4,4
568,7,7,3,7,0,inf,0.5,4
569,7,7,3,7,0,inf,1.0,4
570,7,7,4,7,0,inf,0.1,4
571,7,7,4,7,0,inf,0.2,4
572,7,7,4,7,0,inf,0.3,4
573,7,7,4,7,0,inf,0.4,4
574,7,7,4,7,0,inf,0.5,4
575,7,7,4,7,0,inf,1.0,4
576,7,7,5,5,0,inf,0.1,4
577,7,7,5,5,0,inf,0.2,4
578,7,7,5,5,0,inf,0.3,4
579,7,7,5,5,0,inf,0.4,4
580,7,7,5,5,0,inf,0.5,4
581,7,7,5,5,0,inf,1.0,4
582,7,7,6,5,0,inf,0.1,4
583,7,7,6,5,0,inf,0.2,4
584,7,7,6,5,0,inf,0.3,4
585,7,7,6,5,0,inf,0.4,4
586,7,7,6,5,0,inf,0.5,4
587,7,7,6,5,0,inf,1.0,4
588,7,7,7,5,0,inf,0.1,4
589,7,7,7,5,0,inf,0.2,4
590,7,7,7,5,0,inf,0.3,4
591,7,7,7,5,0,inf,0.4,4
592,7,7,7,5,0,inf,0.5,4
593,7,7,7,5,0,inf,1.0,4
594,7,7,8,5,0,inf,0.1,4
595,7,7,8,5,0,inf,0.2,4
596,7,7,8,5,0,inf,0.3,4
597,7,7,8,5,0,inf,0.4,4
598,7,7,8,5,0,inf,0.5,4
599,7,7,8,5,0,inf,1.0,4
600,7,7,9,6,0,inf,0.1,4
601,7,7,9,6,0,inf,0.2,4
602,7,7,9,6,0,inf,0.3,4
603,7,7,9,6,0,inf,0.4,4
604,7,7,9,6,0,inf,0.5,4
605,7,7,9,6,0,inf,1.0,4
606,7,7,10,6,0,inf,0.1,4
607,7,7,10,6,0,inf,0.2,4
608,7,7,10,6,0,inf,0.3,4
609,7,7,10,6,0,inf,0.4,4
610,7,7,10,6,0,inf,0.5,4
611,7,7,10,6,0,inf,1.0,4
612,7,7,11,6,0,inf,0.1,4
613,7,7,11,6,0,inf,0.2,4
614,7,7,11,6,0,inf,0.3,4
615,7,7,11,6,0,inf,0.4,4
616,7,7,11,6,0,inf,0.5,4
617,7,7,11,6,0,inf,1.0,4
618,7,7,12,6,0,inf,0.1,4
619,7,7,12,6,0,inf,0.2,4
620,7,7,12,6,0,inf,0.3,4
621,7,7,12,6,0,inf,0.4,4
622,7,7,12,6,0,inf,0.5,4
623,7,7,12,6,0,inf,1.0,4
624,8,7,0,5,0,inf,0.1,4
625,8,7,0,5,0,inf,0.2,4
626,8,7,0,5,0,inf,0.3,4
627,8,7,0,5,0,inf,0.4,4
628,8,7,0,5,0,inf,0.5,4
629,8,7,0,5,0,inf,1.0,4
630,8,7,1,5,0,inf,0.1,4
631,8,7,1,5,0,inf,0.2,4
632,8,7,1,5,0,inf,0.3,4
633,8,7,1,5,0,inf,0.4,4
634,8,7,1,5,0,inf,0.5,4
635,8,7,1,5,0,inf,1.0,4
636,8,7,2,7,0,inf,0.1,4
637,8,7,2,7,0,inf,0.2,4
638,8,7,2,7,0,inf,0.3,4
639,8,7,2,7,0,inf,0.4,4
640,8,7,2,7,0,inf,0.5,4
641,8,7,2,7,0,inf,1.0,4
642,8,7,3,7,0,inf,0.1,4
643,8,7,3,7,0,inf,0.2,4
644,8,7,3,7,0,inf,0.3,4
645,8,7,3,7,0,inf,0.4,4
646,8,7,3,7,0,inf,0.5,4
647,8,7,3,7,0,inf,1.0,4
648,8,7,4,7,0,inf,0.1,4
649,8,7,4,7,0,inf,0.2,4
650,8,7,4,7,0,inf,0.3,4
651,8,7,4,7,0,inf,0.4,4
652,8,7,4,7,0,inf,0.5,4
653,8,7,4,7,0,inf,1.0,4
654,8,7,5,5,0,inf,0.1,4
655,8,7,5,5,0,inf,0.2,4
656,8,7,5,5,0,inf,0.3,4
657,8,7,5,5,0,inf,0.4,4
658,8,7,5,5,0,inf,0.5,4
659,8,7,5,5,0,inf,1.0,4
660,8,7,6,5,0,inf,0.1,4
661,8,7,6,5,0,inf,0.2,4
662,8,7,6,5,0,inf,0.3,4
663,8,7,6,5,0,inf,0.4,4
664,8,7,6,5,0,inf,0.5,4
665,8,7,6,5,0,inf,1.0,4
666,8,7,7,5,0,inf,0.1,4
667,8,7,7,5,0,inf,0.2,4
668,8,7,7,5,0,inf,0.3,4
669,8,7,7,5,0,inf,0.4,4
670,8,7,7,5,0,inf,0.5,4
671,8,7,7,5,0,inf,1.0,4
672,8,7,8,5,0,inf,0.1,4
673,8,7,8,5,0,inf,0.2,4
674,8,7,8,5,0,inf,0.3,4
675,8,7,8,5,0,inf,0.4,4
676,8,7,8,5,0,inf,0.5,4
677,8,7,8,5,0,inf,1.0,4
678,8,7,9,6,0,inf,0.1,4
679,8,7,9,6,0,inf,0.2,4
680,8,7,9,6,0,inf,0.3,4
681,8,7,9,6,0,inf,0.4,4
682,8,7,9,6,0,inf,0.5,4
683,8,7,9,6,0,inf,1.0,4
684,8,7,10,6,0,inf,0.1,4
685,8,7,10,6,0,inf,0.2,4
686,8,7,10,6,0,inf,0.3,4
687,8,7,10,6,0,inf,0.4,4
688,8,7,10,6,0,inf,0.5,4
689,8,7,10,6,0,inf,1.0,4
690,8,7,11,6,0,inf,0.1,4
691,8,7,11,6,0,inf,0.2,4
692,8,7,11,6,0,inf,0.3,4
693,8,7,11,6,0,inf,0.4,4
694,8,7,11,6,0,inf,0.5,4
695,8,7,11,6,0,inf,1.0,4
696,8,7,12,6,0,inf,0.1,4
697,8,7,12,6,0,inf,0.2,4
698,8,7,12,6,0,inf,0.3,4
699,8,7,12,6,0,inf,0.4,4
700,8,7,12,6,0,inf,0.5,4
701,8,7,12,6,0,inf,1.0,4
702,9,8,0,5,0,inf,0.1,4
703,9,8,0,5,0,inf,0.2,4
704,9,8,0,5,0,inf,0.3,4
705,9,8,0,5,0,inf,0.4,4
706,9,8,0,5,0,inf,0.5,4
707,9,8,0,5,0,inf,1.0,4
708,9,8,1,5,0,inf,0.1,4
709,9,8,1,5,0,inf,0.2,4
710,9,8,1,5,0,inf,0.3,4
711,9,8,1,5,0,inf,0.4,4
712,9,8,1,5,0,inf,0.5,4
713,9,8,1,5,0,inf,1.0,4
714,9,8,2,7,0,inf,0.1,4
715,9,8,2,7,0,inf,0.2,4
716,9,8,2,7,0,inf,0.3,4
717,9,8,2,7,0,inf,0.4,4
718,9,8,2,7,0,inf,0.5,4
719,9,8,2,7,0,inf,1.0,4
720,9,8,3,7,0,inf,0.1,4
721,9,8,3,7,0,inf,0.2,4
722,9,8,3,7,0,inf,0.3,4
723,9,8,3,7,0,inf,0.4,4
724,9,8,3,7,0,inf,0.5,4
725,9,8,3,7,0,inf,1.0,4
726,9,8,4,7,0,inf,0.1,4
727,9,8,4,7,0,inf,0.2,4
728,9,8,4,7,0,inf,0.3,4
729,9,8,4,7,0,inf,0.4,4
730,9,8,4,7,0,inf,0.5,4
731,9,8,4,7,0,inf,1.0,4
732,9,8,5,5,0,inf,0.1,4
733,9,8,5,5,0,inf,0.2,4
734,9,8,5,5,0,inf,0.3,4
735,9,8,5,5,0,inf,0.4,4
736,9,8,5,5,0,inf,0.5,4
737,9,8,5,5,0,inf,1.0,4
738,9,8,6,5,0,inf,0.1,4
739,9,8,6,5,0,inf,0.2,4
740,9,8,6,5,0,inf,0.3,4
741,9,8,6,5,0,inf,0.4,4
742,9,8,6,5,0,inf,0.5,4
743,9,8,6,5,0,inf,1.0,4
744,9,8,7,5,0,inf,0.1,4
745,9,8,7,5,0,inf,0.2,4
746,9,8,7,5,0,inf,0.3,4
747,9,8,7,5,0,inf,0.4,4
748,9,8,7,5,0,inf,0.5,4
749,9,8,7,5,0,inf,1.0,4
750,9,8,8,5,0,inf,0.1,4
751,9,8,8,5,0,inf,0.2,4
752,9,8,8,5,0,inf,0.3,4
753,9,8,8,5,0,inf,0.4,4
754,9,8,8,5,0,inf,0.5,4
755,9,8,8,5,0,inf,1.0,4
756,9,8,9,6,0,inf,0.1,4
757,9,8,9,6,0,inf,0.2,4
758,9,8,9,6,0,inf,0.3,4
759,9,8,9,6,0,inf,0.4,4
760,9,8,9,6,0,inf,0.5,4
761,9,8,9,6,0,inf,1.0,4
762,9,8,10,6,0,inf,0.1,4
763,9,8,10,6,0,inf,0.2,4
764,9,8,10,6,0,inf,0.3,4
765,9,8,10,6,0,inf,0.4,4
766,9,8,10,6,0,inf,0.5,4
767,9,8,10,6,0,inf,1.0,4
768,9,8,11,6,0,inf,0.1,4
769,9,8,11,6,0,inf,0.2,4
770,9,8,11,6,0,inf,0.3,4
771,9,8,11,6,0,inf,0.4,4
772,9,8,11,6,0,inf,0.5,4
773,9,8,11,6,0,inf,1.0,4
774,9,8,12,6,0,inf,0.1,4
775,9,8,12,6,0,inf,0.2,4
776,9,8,12,6,0,inf,0.3,4
777,9,8,12,6,0,inf,0.4,4
778,9,8,12,6,0,inf,0.5,4
779,9,8,12,6,0,inf,1.0,4
780,10,8,0,5,0,inf,0.1,4
781,10,8,0,5,0,inf,0.2,4
782,10,8,0,5,0,inf,0.3,4
783,10,8,0,5,0,inf,0.4,4
784,10,8,0,5,0,inf,0.5,4
785,10,8,0,5,0,inf,1.0,4
786,10,8,1,5,0,inf,0.1,4
787,10,8,1,5,0,inf,0.2,4
788,10,8,1,5,0,inf,0.3,4
789,10,8,1,5,0,inf,0.4,4
790,10,8,1,5,0,inf,0.5,4
791,10,8,1,5,0,inf,1.0,4
792,10,8,2,7,0,inf,0.1,4
793,10,8,2,7,0,inf,0.2,4
794,10,8,2,7,0,inf,0.3,4
795,10,8,2,7,0,inf,0.4,4
796,10,8,2,7,0,inf,0.5,4
797,10,8,2,7,0,inf,1.0,4
798,10,8,3,7,0,inf,0.1,4
799,10,8,3,7,0,inf,0.2,4
800,10,8,3,7,0,inf,0.3,4
801,10,8,3,7,0,inf,0.4,4
802,10,8,3,7,0,inf,0.5,4
803,10,8,3,7,0,inf,1.0,4
804,10,8,4,7,0,inf,0.1,4
805,10,8,4,7,0,inf,0.2,4
806,10,8,4,7,0,inf,0.3,4
807,10,8,4,7,0,inf,0.4,4
808,10,8,4,7,0,inf,0.5,4
809,10,8,4,7,0,inf,1.0,4
810,10,8,5,5,0,inf,0.1,4
811,10,8,5,5,0,inf,0.2,4
812,10,8,5,5,0,inf,0.3,4
813,10,8,5,5,0,inf,0.4,4
814,10,8,5,5,0,inf,0.5,4
815,10,8,5,5,0,inf,1.0,4
816,10,8,6,5,0,inf,0.1,4
817,10,8,6,5,0,inf,0.2,4
818,10,8,6,5,0,inf,0.3,4
819,10,8,6,5,0,inf,0.4,4
820,10,8,6,5,0,inf,0.5,4
821,10,8,6,5,0,inf,1.0,4
822,10,8,7,5,0,inf,0.1,4
823,10,8,7,5,0,inf,0.2,4
824,10,8,7,5,0,inf,0.3,4
825,10,8,7,5,0,inf,0.4,4
826,10,8,7,5,0,inf,0.5,4
827,10,8,7,5,0,inf,1.0,4
828,10,8,8,5,0,inf,0.1,4
829,10,8,8,5,0,inf,0.2,4
830,10,8,8,5,0,inf,0.3,4
831,10,8,8,5,0,inf,0.4,4
832,10,8,8,5,0,inf,0.5,4
833,10,8,8,5,0,inf,1.0,4
834,10,8,9,6,0,inf,0.1,4
835,10,8,9,6,0,inf,0.2,4
836,10,8,9,6,0,inf,0.3,4
837,10,8,9,6,0,inf,0.4,4
838,10,8,9,6,0,inf,0.5,4
839,10,8,9,6,0,inf,1.0,4
840,10,8,10,6,0,inf,0.1,4
841,10,8,10,6,0,inf,0.2,4
842,10,8,10,6,0,inf,0.3,4
843,10,8,10,6,0,inf,0.4,4
844,10,8,10,6,0,inf,0.5,4
845,10,8,10,6,0,inf,1.0,4
846,10,8,11,6,0,inf,0.1,4
847,10,8,11,6,0,inf,0.2,4
848,10,8,11,6,0,inf,0.3,4
849,10,8,11,6,0,inf,0.4,4
850,10,8,11,6,0,inf,0.5,4
851,10,8,11,6,0,inf,1.0,4
852,10,8,12,6,0,inf,0.1,4
853,10,8,12,6,0,inf,0.2,4
854,10,8,12,6,0,inf,0.3,4
855,10,8,12,6,0,inf,0.4,4
856,10,8,12,6,0,inf,0.5,4
857,10,8,12,6,0,inf,1.0,4
858,11,8,0,5,0,inf,0.1,4
859,11,8,0,5,0,inf,0.2,4
860,11,8,0,5,0,inf,0.3,4
861,11,8,0,5,0,inf,0.4,4
862,11,8,0,5,0,inf,0.5,4
863,11,8,0,5,0,inf,1.0,4
864,11,8,1,5,0,inf,0.1,4
865,11,8,1,5,0,inf,0.2,4
866,11,8,1,5,0,inf,0.3,4
867,11,8,1,5,0,inf,0.4,4
868,11,8,1,5,0,inf,0.5,4
869,11,8,1,5,0,inf,1.0,4
870,11,8,2,7,0,inf,0.1,4
871,11,8,2,7,0,inf,0.2,4
872,11,8,2,7,0,inf,0.3,4
873,11,8,2,7,0,inf,0.4,4
874,11,8,2,7,0,inf,0.5,4
875,11,8,2,7,0,inf,1.0,4
876,11,8,3,7,0,inf,0.1,4
877,11,8,3,7,0,inf,0.2,4
878,11,8,3,7,0,inf,0.3,4
879,11,8,3,7,0,inf,0.4,4
880,11,8,3,7,0,inf,0.5,4
881,11,8,3,7,0,inf,1.0,4
882,11,8,4,7,0,inf,0.1,4
883,11,8,4,7,0,inf,0.2,4
884,11,8,4,7,0,inf,0.3,4
885,11,8,4,7,0,inf,0.4,4
886,11,8,4,7,0,inf,0.5,4
887,11,8,4,7,0,inf,1.0,4
888,11,8,5,5,0,inf,0.1,4
889,11,8,5,5,0,inf,0.2,4
890,11,8,5,5,0,inf,0.3,4
891,11,8,5,5,0,inf,0.4,4
892,11,8,5,5,0,inf,0.5,4
893,11,8,5,5,0,inf,1.0,4
894,11,8,6,5,0,inf,0.1,4
895,11,8,6,5,0,inf,0.2,4
896,11,8,6,5,0,inf,0.3,4
897,11,8,6,5,0,inf,0.4,4
898,11,8,6,5,0,inf,0.5,4
899,11,8,6,5,0,inf,1.0,4
900,11,8,7,5,0,inf,0.1,4
901,11,8,7,5,0,inf,0.2,4
902,11,8,7,5,0,inf,0.3,4
903,11,8,7,5,0,inf,0.4,4
904,11,8,7,5,0,inf,0.5,4
905,11,8,7,5,0,inf,1.0,4
906,11,8,8,5,0,inf,0.1,4
907,11,8,8,5,0,inf,0.2,4
908,11,8,8,5,0,inf,0.3,4
909,11,8,8,5,0,inf,0.4,4
910,11,8,8,5,0,inf,0.5,4
911,11,8,8,5,0,inf,1.0,4
912,11,8,9,6,0,inf,0.1,4
913,11,8,9,6,0,inf,0.2,4
914,11,8,9,6,0,inf,0.3,4
915,11,8,9,6,0,inf,0.4,4
916,11,8,9,6,0,inf,0.5,4
917,11,8,9,6,0,inf,1.0,4
918,11,8,10,6,0,inf,0.1,4
919,11,8,10,6,0,inf,0.2,4
920,11,8,10,6,0,inf,0.3,4
921,11,8,10,6,0,inf,0.4,4
922,11,8,10,6,0,inf,0.5,4
923,11,8,10,6,0,inf,1.0,4
924,11,8,11,6,0,inf,0.1,4
925,11,8,11,6,0,inf,0.2,4
926,11,8,11,6,0,inf,0.3,4
927,11,8,11,6,0,inf,0.4,4
928,11,8,11,6,0,inf,0.5,4
929,11,8,11,6,0,inf,1.0,4
930,11,8,12,6,0,inf,0.1,4
931,11,8,12,6,0,inf,0.2,4
932,11,8,12,6,0,inf,0.3,4
933,11,8,12,6,0,inf,0.4,4
934,11,8,12,6,0,inf,0.5,4
935,11,8,12,6,0,inf,1.0,4
936,12,5,0,5,0,inf,0.1,4
937,12,5,0,5,0,inf,0.2,4
938,12,5,0,5,0,inf,0.3,4
939,12,5,0,5,0,inf,0.4,4
940,12,5,0,5,0,inf,0.5,4
941,12,5,0,5,0,inf,1.0,4
942,12,5,1,5,0,inf,0.1,4
943,12,5,1,5,0,inf,0.2,4
944,12,5,1,5,0,inf,0.3,4
945,12,5,1,5,0,inf,0.4,4
946,12,5,1,5,0,inf,0.5,4
947,12,5,1,5,0,inf,1.0,4
948,12,5,2,7,0,inf,0.1,4
949,12,5,2,7,0,inf,0.2,4
950,12,5,2,7,0,inf,0.3,4
951,12,5,2,7,0,inf,0.4,4
952,12,5,2,7,0,inf,0.5,4
953,12,5,2,7,0,inf,1.0,4
954,12,5,3,7,0,inf,0.1,4
955,12,5,3,7,0,inf,0.2,4
956,12,5,3,7,0,inf,0.3,4
957,12,5,3,7,0,inf,0.4,4
958,12,5,3,7,0,inf,0.5,4
959,12,5,3,7,0,inf,1.0,4
960,12,5,4,7,0,inf,0.1,4
961,12,5,4,7,0,inf,0.2,4
962,12,5,4,7,0,inf,0.3,4
963,12,5,4,7,0,inf,0.4,4
964,12,5,4,7,0,inf,0.5,4
965,12,5,4,7,0,inf,1.0,4
966,12,5,5,5,0,inf,0.1,4
967,12,5,5,5,0,inf,0.2,4
968,12,5,5,5,0,inf,0.3,4
969,12,5,5,5,0,inf,0.4,4
970,12,5,5,5,0,inf,0.5,4
971,12,5,5,5,0,inf,1.0,4
972,12,5,6,5,0,inf,0.1,4
973,12,5,6,5,0,inf,0.2,4
974,12,5,6,5,0,inf,0.3,4
975,12,5,6,5,0,inf,0.4,4
976,12,5,6,5,0,inf,0.5,4
977,12,5,6,5,0,inf,1.0,4
978,12,5,7,5,0,inf,0.1,4
979,12,5,7,5,0,inf,0.2,4
980,12,5,7,5,0,inf,0.3,4
981,12,5,7,5,0,inf,0.4,4
982,12,5,7,5,0,inf,0.5,4
983,12,5,7,5,0,inf,1.0,4
984,12,5,8,5,0,inf,0.1,4
985,12,5,8,5,0,inf,0.2,4
986,12,5,8,5,0,inf,0.3,4
987,12,5,8,5,0,inf,0.4,4
988,12,5,8,5,0,inf,0.5,4
989,12,5,8,5,0,inf,1.0,4
990,12,5,9,6,0,inf,0.1,4
991,12,5,9,6,0,inf,0.2,4
992,12,5,9,6,0,inf,0.3,4
993,12,5,9,6,0,inf,0.4,4
994,12,5,9,6,0,inf,0.5,4
995,12,5,9,6,0,inf,1.0,4
996,12,5,10,6,0,inf,0.1,4
997,12,5,10,6,0,inf,0.2,4
998,12,5,10,6,0,inf,0.3,4
999,12,5,10,6,0,inf,0.4,4
1000,12,5,10,6,0,inf,0.5,4
1001,12,5,10,6,0,inf,1.0,4
1002,12,5,11,6,0,inf,0.1,4
1003,12,5,11,6,0,inf,0.2,4
1004,12,5,11,6,0,inf,0.3,4
1005,12,5,11,6,0,inf,0.4,4
1006,12,5,11,6,0,inf,0.5,4
1007,12,5,11,6,0,inf,1.0,4
1008,12,5,12,6,0,inf,0.1,4
1009,12,5,12,6,0,inf,0.2,4
1010,12,5,12,6,0,inf,0.3,4
1011,12,5,12,6,0,inf,0.4,4
1012,12,5,12,6,0,inf,0.5,4
1013,12,5,12,6,0,inf,1.0,4
1014,13,8,0,5,0,inf,0.1,4
1015,13,8,0,5,0,inf,0.2,4
1016,13,8,0,5,0,inf,0.3,4
1017,13,8,0,5,0,inf,0.4,4
1018,13,8,0,5,0,inf,0.5,4
1019,13,8,0,5,0,inf,1.0,4
1020,13,8,1,5,0,inf,0.1,4
1021,13,8,1,5,0,inf,0.2,4
1022,13,8,1,5,0,inf,0.3,4
1023,13,8,1,5,0,inf,0.4,4
1024,13,8,1,5,0,inf,0.5,4
1025,13,8,1,5,0,inf,1.0,4
1026,13,8,2,7,0,inf,0.1,4
1027,13,8,2,7,0,inf,0.2,4
1028,13,8,2,7,0,inf,0.3,4
1029,13,8,2,7,0,inf,0.4,4
1030,13,8,2,7,0,inf,0.5,4
1031,13,8,2,7,0,inf,1.0,4
1032,13,8,3,7,0,inf,0.1,4
1033,13,8,3,7,0,inf,0.2,4
1034,13,8,3,7,0,inf,0.3,4
1035,13,8,3,7,0,inf,0.4,4
1036,13,8,3,7,0,inf,0.5,4
1037,13,8,3,7,0,inf,1.0,4
1038,13,8,4,7,0,inf,0.1,4
1039,13,8,4,7,0,inf,0.2,4
1040,13,8,4,7,0,inf,0.3,4
1041,13,8,4,7,0,inf,0.4,4
1042,13,8,4,7,0,inf,0.5,4
1043,13,8,4,7,0,inf,1.0,4
1044,13,8,5,5,0,inf,0.1,4
1045,13,8,5,5,0,inf,0.2,4
1046,13,8,5,5,0,inf,0.3,4
1047,13,8,5,5,0,inf,0.4,4
1048,13,8,5,5,0,inf,0.5,4
1049,13,8,5,5,0,inf,1.0,4
1050,13,8,6,5,0,inf,0.1,4
1051,13,8,6,5,0,inf,0.2,4
1052,13,8,6,5,0,inf,0.3,4
1053,13,8,6,5,0,inf,0.4,4
1054,13,8,6,5,0,inf,0.5,4
1055,13,8,6,5,0,inf,1.0,4
1056,13,8,7,5,0,inf,0.1,4
1057,13,8,7,5,0,inf,0.2,4
1058,13,8,7,5,0,inf,0.3,4
1059,13,8,7,5,0,inf,0.4,4
1060,13,8,7,5,0,inf,0.5,4
1061,13,8,7,5,0,inf,1.0,4
1062,13,8,8,5,0,inf,0.1,4
1063,13,8,8,5,0,inf,0.2,4
1064,13,8,8,5,0,inf,0.3,4
1065,13,8,8,5,0,inf,0.4,4
1066,13,8,8,5,0,inf,0.5,4
1067,13,8,8,5,0,inf,1.0,4
1068,13,8,9,6,0,inf,0.1,4
1069,13,8,9,6,0,inf,0.2,4
1070,13,8,9,6,0,inf,0.3,4
1071,13,8,9,6,0,inf,0.4,4
1072,13,8,9,6,0,inf,0.5,4
1073,13,8,9,6,0,inf,1.0,4
1074,13,8,10,6,0,inf,0.1,4
1075,13,8,10,6,0,inf,0.2,4
1076,13,8,10,6,0,inf,0.3,4
1077,13,8,10,6,0,inf,0.4,4
1078,13,8,10,6,0,inf,0.5,4
1079,13,8,10,6,0,inf,1.0,4
1080,13,8,11,6,0,inf,0.1,4
1081,13,8,11,6,0,inf,0.2,4
1082,13,8,11,6,0,inf,0.3,4
1083,13,8,11,6,0,inf,0.4,4
1084,13,8,11,6,0,inf,0.5,4
1085,13,8,11,6,0,inf,1.0,4
1086,13,8,12,6,0,inf,0.1,4
1087,13,8,12,6,0,inf,0.2,4
1088,13,8,12,6,0,inf,0.3,4
1089,13,8,12,6,0,inf,0.4,4
1090,13,8,12,6,0,inf,0.5,4
1091,13,8,12,6,0,inf,1.0,4
1092,14,8,0,5,0,inf,0.1,4
1093,14,8,0,5,0,inf,0.2,4
1094,14,8,0,5,0,inf,0.3,4
1095,14,8,0,5,0,inf,0.4,4
1096,14,8,0,5,0,inf,0.5,4
1097,14,8,0,5,0,inf,1.0,4
1098,14,8,1,5,0,inf,0.1,4
1099,14,8,1,5,0,inf,0.2,4
1100,14,8,1,5,0,inf,0.3,4
1101,14,8,1,5,0,inf,0.4,4
1102,14,8,1,5,0,inf,0.5,4
1103,14,8,1,5,0,inf,1.0,4
1104,14,8,2,7,0,inf,0.1,4
1105,14,8,2,7,0,inf,0.2,4
1106,14,8,2,7,0,inf,0.3,4
1107,14,8,2,7,0,inf,0.4,4
1108,14,8,2,7,0,inf,0.5,4
1109,14,8,2,7,0,inf,1.0,4
1110,14,8,3,7,0,inf,0.1,4
1111,14,8,3,7,0,inf,0.2,4
1112,14,8,3,7,0,inf,0.3,4
1113,14,8,3,7,0,inf,0.4,4
1114,14,8,3,7,0,inf,0.5,4
1115,14,8,3,7,0,inf,1.0,4
1116,14,8,4,7,0,inf,0.1,4
1117,14,8,4,7,0,inf,0.2,4
1118,14,8,4,7,0,inf,0.3,4
1119,14,8,4,7,0,inf,0.4,4
1120,14,8,4,7,0,inf,0.5,4
1121,14,8,4,7,0,inf,1.0,4
1122,14,8,5,5,0,inf,0.1,4
1123,14,8,5,5,0,inf,0.2,4
1124,14,8,5,5,0,inf,0.3,4
1125,14,8,5,5,0,inf,0.4,4
1126,14,8,5,5,0,inf,0.5,4
1127,14,8,5,5,0,inf,1.0,4
1128,14,8,6,5,0,inf,0.1,4
1129,14,8,6,5,0,inf,0.2,4
1130,14,8,6,5,0,inf,0.3,4
1131,14,8,6,5,0,inf,0.4,4
1132,14,8,6,5,0,inf,0.5,4
1133,14,8,6,5,0,inf,1.0,4
1134,14,8,7,5,0,inf,0.1,4
1135,14,8,7,5,0,inf,0.2,4
1136,14,8,7,5,0,inf,0.3,4
1137,14,8,7,5,0,inf,0.4,4
1138,14,8,7,5,0,inf,0.5,4
1139,14,8,7,5,0,inf,1.0,4
1140,14,8,8,5,0,inf,0.1,4
1141,14,8,8,5,0,inf,0.2,4
1142,14,8,8,5,0,inf,0.3,4
1143,14,8,8,5,0,inf,0.4,4
1144,14,8,8,5,0,inf,0.5,4
1145,14,8,8,5,0,inf,1.0,4
1146,14,8,9,6,0,inf,0.1,4
1147,14,8,9,6,0,inf,0.2,4
1148,14,8,9,6,0,inf,0.3,4
1149,14,8,9,6,0,inf,0.4,4
1150,14,8,9,6,0,inf,0.5,4
1151,14,8,9,6,0,inf,1.0,4
1152,14,8,10,6,0,inf,0.1,4
1153,14,8,10,6,0,inf,0.2,4
1154,14,8,10,6,0,inf,0.3,4
1155,14,8,10,6,0,inf,0.4,4
1156,14,8,10,6,0,inf,0.5,4
1157,14,8,10,6,0,inf,1.0,4
1158,14,8,11,6,0,inf,0.1,4
1159,14,8,11,6,0,inf,0.2,4
1160,14,8,11,6,0,inf,0.3,4
1161,14,8,11,6,0,inf,0.4,4
1162,14,8,11,6,0,inf,0.5,4
1163,14,8,11,6,0,inf,1.0,4
1164,14,8,12,6,0,inf,0.1,4
1165,14,8,12,6,0,inf,0.2,4
1166,14,8,12,6,0,inf,0.3,4
1167,14,8,12,6,0,inf,0.4,4
1168,14,8,12,6,0,inf,0.5,4
1169,14,8,12,6,0,inf,1.0,4
1170,15,5,0,5,0,inf,0.1,4
1171,15,5,0,5,0,inf,0.2,4
1172,15,5,0,5,0,inf,0.3,4
1173,15,5,0,5,0,inf,0.4,4
1174,15,5,0,5,0,inf,0.5,4
1175,15,5,0,5,0,inf,1.0,4
1176,15,5,1,5,0,inf,0.1,4
1177,15,5,1,5,0,inf,0.2,4
1178,15,5,1,5,0,inf,0.3,4
1179,15,5,1,5,0,inf,0.4,4
1180,15,5,1,5,0,inf,0.5,4
1181,15,5,1,5,0,inf,1.0,4
1182,15,5,2,7,0,inf,0.1,4
1183,15,5,2,7,0,inf,0.2,4
1184,15,5,2,7,0,inf,0.3,4
1185,15,5,2,7,0,inf,0.4,4
1186,15,5,2,7,0,inf,0.5,4
1187,15,5,2,7,0,inf,1.0,4
1188,15,5,3,7,0,inf,0.1,4
1189,15,5,3,7,0,inf,0.2,4
1190,15,5,3,7,0,inf,0.3,4
1191,15,5,3,7,0,inf,0.4,4
1192,15,5,3,7,0,inf,0.5,4
1193,15,5,3,7,0,inf,1.0,4
1194,15,5,4,7,0,inf,0.1,4
1195,15,5,4,7,0,inf,0.2,4
1196,15,5,4,7,0,inf,0.3,4
1197,15,5,4,7,0,inf,0.4,4
1198,15,5,4,7,0,inf,0.5,4
1199,15,5,4,7,0,inf,1.0,4
1200,15,5,5,5,0,inf,0.1,4
1201,15,5,5,5,0,inf,0.2,4
1202,15,5,5,5,0,inf,0.3,4
1203,15,5,5,5,0,inf,0.4,4
1204,15,5,5,5,0,inf,0.5,4
1205,15,5,5,5,0,inf,1.0,4
1206,15,5,6,5,0,inf,0.1,4
1207,15,5,6,5,0,inf,0.2,4
1208,15,5,6,5,0,inf,0.3,4
1209,15,5,6,5,0,inf,0.4,4
1210,15,5,6,5,0,inf,0.5,4
1211,15,5,6,5,0,inf,1.0,4
1212,15,5,7,5,0,inf,0.1,4
1213,15,5,7,5,0,inf,0.2,4
1214,15,5,7,5,0,inf,0.3,4
1215,15,5,7,5,0,inf,0.4,4
1216,15,5,7,5,0,inf,0.5,4
1217,15,5,7,5,0,inf,1.0,4
1218,15,5,8,5,0,inf,0.1,4
1219,15,5,8,5,0,inf,0.2,4
1220,15,5,8,5,0,inf,0.3,4
1221,15,5,8,5,0,inf,0.4,4
1222,15,5,8,5,0,inf,0.5,4
1223,15,5,8,5,0,inf,1.0,4
1224,15,5,9,6,0,inf,0.1,4
1225,15,5,9,6,0,inf,0.2,4
1226,15,5,9,6,0,inf,0.3,4
1227,15,5,9,6,0,inf,0.4,4
1228,15,5,9,6,0,inf,0.5,4
1229,15,5,9,6,0,inf,1.0,4
1230,15,5,10,6,0,inf,0.1,4
1231,15,5,10,6,0,inf,0.2,4
1232,15,5,10,6,0,inf,0.3,4
1233,15,5,10,6,0,inf,0.4,4
1234,15,5,10,6,0,inf,0.5,4
1235,15,5,10,6,0,inf,1.0,4
1236,15,5,11,6,0,inf,0.1,4
1237,15,5,11,6,0,inf,0.2,4
1238,15,5,11,6,0,inf,0.3,4
1239,15,5,11,6,0,inf,0.4,4
1240,15,5,11,6,0,inf,0.5,4
1241,15,5,11,6,0,inf,1.0,4
1242,15,5,12,6,0,inf,0.1,4
1243,15,5,12,6,0,inf,0.2,4
1244,15,5,12,6,0,inf,0.3,4
1245,15,5,12,6,0,inf,0.4,4
1246,15,5,12,6,0,inf,0.5,4
1247,15,5,12,6,0,inf,1.0,4
1248,16,5,0,5,0,inf,0.1,4
1249,16,5,0,5,0,inf,0.2,4
1250,16,5,0,5,0,inf,0.3,4
1251,16,5,0,5,0,inf,0.4,4
1252,16,5,0,5,0,inf,0.5,4
1253,16,5,0,5,0,inf,1.0,4
1254,16,5,1,5,0,inf,0.1,4
1255,16,5,1,5,0,inf,0.2,4
1256,16,5,1,5,0,inf,0.3,4
1257,16,5,1,5,0,inf,0.4,4
1258,16,5,1,5,0,inf,0.5,4
1259,16,5,1,5,0,inf,1.0,4
1260,16,5,2,7,0,inf,0.1,4
1261,16,5,2,7,0,inf,0.2,4
1262,16,5,2,7,0,inf,0.3,4
1263,16,5,2,7,0,inf,0.4,4
1264,16,5,2,7,0,inf,0.5,4
1265,16,5,2,7,0,inf,1.0,4
1266,16,5,3,7,0,inf,0.1,4
1267,16,5,3,7,0,inf,0.2,4
1268,16,5,3,7,0,inf,0.3,4
1269,16,5,3,7,0,inf,0.4,4
1270,16,5,3,7,0,inf,0.5,4
1271,16,5,3,7,0,inf,1.0,4
1272,16,5,4,7,0,inf,0.1,4
1273,16,5,4,7,0,inf,0.2,4
1274,16,5,4,7,0,inf,0.3,4
1275,16,5,4,7,0,inf,0.4,4
1276,16,5,4,7,0,inf,0.5,4
1277,16,5,4,7,0,inf,1.0,4
1278,16,5,5,5,0,inf,0.1,4
1279,16,5,5,5,0,inf,0.2,4
1280,16,5,5,5,0,inf,0.3,4
1281,16,5,5,5,0,inf,0.4,4
1282,16,5,5,5,0,inf,0.5,4
1283,16,5,5,5,0,inf,1.0,4
1284,16,5,6,5,0,inf,0.1,4
1285,16,5,6,5,0,inf,0.2,4
1286,16,5,6,5,0,inf,0.3,4
1287,16,5,6,5,0,inf,0.4,4
1288,16,5,6,5,0,inf,0.5,4
1289,16,5,6,5,0,inf,1.0,4
1290,16,5,7,5,0,inf,0.1,4
1291,16,5,7,5,0,inf,0.2,4
1292,16,5,7,5,0,inf,0.3,4
1293,16,5,7,5,0,inf,0.4,4
1294,16,5,7,5,0,inf,0.5,4
1295,16,5,7,5,0,inf,1.0,4
1296,16,5,8,5,0,inf,0.1,4
1297,16,5,8,5,0,inf,0.2,4
1298,16,5,8,5,0,inf,0.3,4
1299,16,5,8,5,0,inf,0.4,4
1300,16,5,8,5,0,inf,0.5,4
1301,16,5,8,5,0,inf,1.0,4
1302,16,5,9,6,0,inf,0.1,4
1303,16,5,9,6,0,inf,0.2,4
1304,16,5,9,6,0,inf,0.3,4
1305,16,5,9,6,0,inf,0.4,4
1306,16,5,9,6,0,inf,0.5,4
1307,16,5,9,6,0,inf,1.0,4
1308,16,5,10,6,0,inf,0.1,4
1309,16,5,10,6,0,inf,0.2,4
1310,16,5,10,6,0,inf,0.3,4
1311,16,5,10,6,0,inf,0.4,4
1312,16,5,10,6,0,inf,0.5,4
1313,16,5,10,6,0,inf,1.0,4
1314,16,5,11,6,0,inf,0.1,4
1315,16,5,11,6,0,inf,0.2,4
1316,16,5,11,6,0,inf,0.3,4
1317,16,5,11,6,0,inf,0.4,4
1318,16,5,11,6,0,inf,0.5,4
1319,16,5,11,6,0,inf,1.0,4
1320,16,5,12,6,0,inf,0.1,4
1321,16,5,12,6,0,inf,0.2,4
1322,16,5,12,6,0,inf,0.3,4
1323,16,5,12,6,0,inf,0.4,4
1324,16,5,12,6,0,inf,0.5,4
1325,16,5,12,6,0,inf,1.0,4
1326,17,5,0,5,0,inf,0.1,4
1327,17,5,0,5,0,inf,0.2,4
1328,17,5,0,5,0,inf,0.3,4
1329,17,5,0,5,0,inf,0.4,4
1330,17,5,0,5,0,inf,0.5,4
1331,17,5,0,5,0,inf,1.0,4
1332,17,5,1,5,0,inf,0.1,4
1333,17,5,1,5,0,inf,0.2,4
1334,17,5,1,5,0,inf,0.3,4
1335,17,5,1,5,0,inf,0.4,4
1336,17,5,1,5,0,inf,0.5,4
1337,17,5,1,5,0,inf,1.0,4
1338,17,5,2,7,0,inf,0.1,4
1339,17,5,2,7,0,inf,0.2,4
1340,17,5,2,7,0,inf,0.3,4
1341,17,5,2,7,0,inf,0.4,4
1342,17,5,2,7,0,inf,0.5,4
1343,17,5,2,7,0,inf,1.0,4
1344,17,5,3,7,0,inf,0.1,4
1345,17,5,3,7,0,inf,0.2,4
1346,17,5,3,7,0,inf,0.3,4
1347,17,5,3,7,0,inf,0.4,4
1348,17,5,3,7,0,inf,0.5,4
1349,17,5,3,7,0,inf,1.0,4
1350,17,5,4,7,0,inf,0.1,4
1351,17,5,4,7,0,inf,0.2,4
1352,17,5,4,7,0,inf,0.3,4
1353,17,5,4,7,0,inf,0.4,4
1354,17,5,4,7,0,inf,0.5,4
1355,17,5,4,7,0,inf,1.0,4
1356,17,5,5,5,0,inf,0.1,4
1357,17,5,5,5,0,inf,0.2,4
1358,17,5,5,5,0,inf,0.3,4
1359,17,5,5,5,0,inf,0.4,4
1360,17,5,5,5,0,inf,0.5,4
1361,17,5,5,5,0,inf,1.0,4
1362,17,5,6,5,0,inf,0.1,4
1363,17,5,6,5,0,inf,0.2,4
1364,17,5,6,5,0,inf,0.3,4
1365,17,5,6,5,0,inf,0.4,4
1366,17,5,6,5,0,inf,0.5,4
1367,17,5,6,5,0,inf,1.0,4
1368,17,5,7,5,0,inf,0.1,4
1369,17,5,7,5,0,inf,0.2,4
1370,17,5,7,5,0,inf,0.3,4
1371,17,5,7,5,0,inf,0.4,4
1372,17,5,7,5,0,inf,0.5,4
1373,17,5,7,5,0,inf,1.0,4
1374,17,5,8,5,0,inf,0.1,4
1375,17,5,8,5,0,inf,0.2,4
1376,17,5,8,5,0,inf,0.3,4
1377,17,5,8,5,0,inf,0.4,4
1378,17,5,8,5,0,inf,0.5,4
1379,17,5,8,5,0,inf,1.0,4
1380,17,5,9,6,0,inf,0.1,4
1381,17,5,9,6,0,inf,0.2,4
1382,17,5,9,6,0,inf,0.3,4
1383,17,5,9,6,0,inf,0.4,4
1384,17,5,9,6,0,inf,0.5,4
1385,17,5,9,6,0,inf,1.0,4
1386,17,5,10,6,0,inf,0.1,4
1387,17,5,10,6,0,inf,0.2,4
1388,17,5,10,6,0,inf,0.3,4
1389,17,5,10,6,0,inf,0.4,4
1390,17,5,10,6,0,inf,0.5,4
1391,17,5,10,6,0,inf,1.0,4
1392,17,5,11,6,0,inf,0.1,4
1393,17,5,11,6,0,inf,0.2,4
1394,17,5,11,6,0,inf,0.3,4
1395,17,5,11,6,0,inf,0.4,4
1396,17,5,11,6,0,inf,0.5,4
1397,17,5,11,6,0,inf,1.0,4
1398,17,5,12,6,0,inf,0.1,4
1399,17,5,12,6,0,inf,0.2,4
1400,17,5,12,6,0,inf,0.3,4
1401,17,5,12,6,0,inf,0.4,4
1402,17,5,12,6,0,inf,0.5,4
1403,17,5,12,6,0,inf,1.0,4
1404,18,5,0,5,0,inf,0.1,4
1405,18,5,0,5,0,inf,0.2,4
1406,18,5,0,5,0,inf,0.3,4
1407,18,5,0,5,0,inf,0.4,4
1408,18,5,0,5,0,inf,0.5,4
1409,18,5,0,5,0,inf,1.0,4
1410,18,5,1,5,0,inf,0.1,4
1411,18,5,1,5,0,inf,0.2,4
1412,18,5,1,5,0,inf,0.3,4
1413,18,5,1,5,0,inf,0.4,4
1414,18,5,1,5,0,inf,0.5,4
1415,18,5,1,5,0,inf,1.0,4
1416,18,5,2,7,0,inf,0.1,4
1417,18,5,2,7,0,inf,0.2,4
1418,18,5,2,7,0,inf,0.3,4
1419,18,5,2,7,0,inf,0.4,4
1420,18,5,2,7,0,inf,0.5,4
1421,18,5,2,7,0,inf,1.0,4
1422,18,5,3,7,0,inf,0.1,4
1423,18,5,3,7,0,inf,0.2,4
1424,18,5,3,7,0,inf,0.3,4
1425,18,5,3,7,0,inf,0.4,4
1426,18,5,3,7,0,inf,0.5,4
1427,18,5,3,7,0,inf,1.0,4
1428,18,5,4,7,0,inf,0.1,4
1429,18,5,4,7,0,inf,0.2,4
1430,18,5,4,7,0,inf,0.3,4
1431,18,5,4,7,0,inf,0.4,4
1432,18,5,4,7,0,inf,0.5,4
1433,18,5,4,7,0,inf,1.0,4
1434,18,5,5,5,0,inf,0.1,4
1435,18,5,5,5,0,inf,0.2,4
1436,18,5,5,5,0,inf,0.3,4
1437,18,5,5,5,0,inf,0.4,4
1438,18,5,5,5,0,inf,0.5,4
1439,18,5,5,5,0,inf,1.0,4
1440,18,5,6,5,0,inf,0.1,4
1441,18,5,6,5,0,inf,0.2,4
1442,18,5,6,5,0,inf,0.3,4
1443,18,5,6,5,0,inf,0.4,4
1444,18,5,6,5,0,inf,0.5,4
1445,18,5,6,5,0,inf,1.0,4
1446,18,5,7,5,0,inf,0.1,4
1447,18,5,7,5,0,inf,0.2,4
1448,18,5,7,5,0,inf,0.3,4
1449,18,5,7,5,0,inf,0.4,4
1450,18,5,7,5,0,inf,0.5,4
1451,18,5,7,5,0,inf,1.0,4
1452,18,5,8,5,0,inf,0.1,4
1453,18,5,8,5,0,inf,0.2,4
1454,18,5,8,5,0,inf,0.3,4
1455,18,5,8,5,0,inf,0.4,4
1456,18,5,8,5,0,inf,0.5,4
1457,18,5,8,5,0,inf,1.0,4
1458,18,5,9,6,0,inf,0.1,4
1459,18,5,9,6,0,inf,0.2,4
1460,18,5,9,6,0,inf,0.3,4
1461,18,5,9,6,0,inf,0.4,4
1462,18,5,9,6,0,inf,0.5,4
1463,18,5,9,6,0,inf,1.0,4
1464,18,5,10,6,0,inf,0.1,4
1465,18,5,10,6,0,inf,0.2,4
1466,18,5,10,6,0,inf,0.3,4
1467,18,5,10,6,0,inf,0.4,4
1468,18,5,10,6,0,inf,0.5,4
1469,18,5,10,6,0,inf,1.0,4
1470,18,5,11,6,0,inf,0.1,4
1471,18,5,11,6,0,inf,0.2,4
1472,18,5,11,6,0,inf,0.3,4
1473,18,5,11,6,0,inf,0.4,4
1474,18,5,11,6,0,inf,0.5,4
1475,18,5,11,6,0,inf,1.0,4
1476,18,5,12,6,0,inf,0.1,4
1477,18,5,12,6,0,inf,0.2,4
1478,18,5,12,6,0,inf,0.3,4
1479,18,5,12,6,0,inf,0.4,4
1480,18,5,12,6,0,inf,0.5,4
1481,18,5,12,6,0,inf,1.0,4
1482,19,6,0,5,0,inf,0.1,4
1483,19,6,0,5,0,inf,0.2,4
1484,19,6,0,5,0,inf,0.3,4
1485,19,6,0,5,0,inf,0.4,4
1486,19,6,0,5,0,inf,0.5,4
1487,19,6,0,5,0,inf,1.0,4
1488,19,6,1,5,0,inf,0.1,4
1489,19,6,1,5,0,inf,0.2,4
1490,19,6,1,5,0,inf,0.3,4
1491,19,6,1,5,0,inf,0.4,4
1492,19,6,1,5,0,inf,0.5,4
1493,19,6,1,5,0,inf,1.0,4
1494,19,6,2,7,0,inf,0.1,4
1495,19,6,2,7,0,inf,0.2,4
1496,19,6,2,7,0,inf,0.3,4
1497,19,6,2,7,0,inf,0.4,4
1498,19,6,2,7,0,inf,0.5,4
1499,19,6,2,7,0,inf,1.0,4
1500,19,6,3,7,0,inf,0.1,4
1501,19,6,3,7,0,inf,0.2,4
1502,19,6,3,7,0,inf,0.3,4
1503,19,6,3,7,0,inf,0.4,4
1504,19,6,3,7,0,inf,0.5,4
1505,19,6,3,7,0,inf,1.0,4
1506,19,6,4,7,0,inf,0.1,4
1507,19,6,4,7,0,inf,0.2,4
1508,19,6,4,7,0,inf,0.3,4
1509,19,6,4,7,0,inf,0.4,4
1510,19,6,4,7,0,inf,0.5,4
1511,19,6,4,7,0,inf,1.0,4
1512,19,6,5,5,0,inf,0.1,4
1513,19,6,5,5,0,inf,0.2,4
1514,19,6,5,5,0,inf,0.3,4
1515,19,6,5,5,0,inf,0.4,4
1516,19,6,5,5,0,inf,0.5,4
1517,19,6,5,5,0,inf,1.0,4
1518,19,6,6,5,0,inf,0.1,4
1519,19,6,6,5,0,inf,0.2,4
1520,19,6,6,5,0,inf,0.3,4
1521,19,6,6,5,0,inf,0.4,4
1522,19,6,6,5,0,inf,0.5,4
1523,19,6,6,5,0,inf,1.0,4
1524,19,6,7,5,0,inf,0.1,4
1525,19,6,7,5,0,inf,0.2,4
1526,19,6,7,5,0,inf,0.3,4
1527,19,6,7,5,0,inf,0.4,4
1528,19,6,7,5,0,inf,0.5,4
1529,19,6,7,5,0,inf,1.0,4
1530,19,6,8,5,0,inf,0.1,4
1531,19,6,8,5,0,inf,0.2,4
1532,19,6,8,5,0,inf,0.3,4
1533,19,6,8,5,0,inf,0.4,4
1534,19,6,8,5,0,inf,0.5,4
1535,19,6,8,5,0,inf,1.0,4
1536,19,6,9,6,0,inf,0.1,4
1537,19,6,9,6,0,inf,0.2,4
1538,19,6,9,6,0,inf,0.3,4
1539,19,6,9,6,0,inf,0.4,4
1540,19,6,9,6,0,inf,0.5,4
1541,19,6,9,6,0,inf,1.0,4
1542,19,6,10,6,0,inf,0.1,4
1543,19,6,10,6,0,inf,0.2,4
1544,19,6,10,6,0,inf,0.3,4
1545,19,6,10,6,0,inf,0.4,4
1546,19,6,10,6,0,inf,0.5,4
1547,19,6,10,6,0,inf,1.0,4
1548,19,6,11,6,0,inf,0.1,4
1549,19,6,11,6,0,inf,0.2,4
1550,19,6,11,6,0,inf,0.3,4
1551,19,6,11,6,0,inf,0.4,4
1552,19,6,11,6,0,inf,0.5,4
1553,19,6,11,6,0,inf,1.0,4
1554,19,6,12,6,0,inf,0.1,4
1555,19,6,12,6,0,inf,0.2,4
1556,19,6,12,6,0,inf,0.3,4
1557,19,6,12,6,0,inf,0.4,4
1558,19,6,12,6,0,inf,0.5,4
1559,19,6,12,6,0,inf,1.0,4
1560,20,6,0,5,0,inf,0.1,4
1561,20,6,0,5,0,inf,0.2,4
1562,20,6,0,5,0,inf,0.3,4
1563,20,6,0,5,0,inf,0.4,4
1564,20,6,0,5,0,inf,0.5,4
1565,20,6,0,5,0,inf,1.0,4
1566,20,6,1,5,0,inf,0.1,4
1567,20,6,1,5,0,inf,0.2,4
1568,20,6,1,5,0,inf,0.3,4
1569,20,6,1,5,0,inf,0.4,4
1570,20,6,1,5,0,inf,0.5,4
1571,20,6,1,5,0,inf,1.0,4
1572,20,6,2,7,0,inf,0.1,4
1573,20,6,2,7,0,inf,0.2,4
1574,20,6,2,7,0,inf,0.3,4
1575,20,6,2,7,0,inf,0.4,4
1576,20,6,2,7,0,inf,0.5,4
1577,20,6,2,7,0,inf,1.0,4
1578,20,6,3,7,0,inf,0.1,4
1579,20,6,3,7,0,inf,0.2,4
1580,20,6,3,7,0,inf,0.3,4
1581,20,6,3,7,0,inf,0.4,4
1582,20,6,3,7,0,inf,0.5,4
1583,20,6,3,7,0,inf,1.0,4
1584,20,6,4,7,0,inf,0.1,4
1585,20,6,4,7,0,inf,0.2,4
1586,20,6,4,7,0,inf,0.3,4
1587,20,6,4,7,0,inf,0.4,4
1588,20,6,4,7,0,inf,0.5,4
1589,20,6,4,7,0,inf,1.0,4
1590,20,6,5,5,0,inf,0.1,4
1591,20,6,5,5,0,inf,0.2,4
1592,20,6,5,5,0,inf,0.3,4
1593,20,6,5,5,0,inf,0.4,4
1594,20,6,5,5,0,inf,0.5,4
1595,20,6,5,5,0,inf,1.0,4
1596,20,6,6,5,0,inf,0.1,4
1597,20,6,6,5,0,inf,0.2,4
1598,20,6,6,5,0,inf,0.3,4
1599,20,6,6,5,0,inf,0.4,4
1600,20,6,6,5,0,inf,0.5,4
1601,20,6,6,5,0,inf,1.0,4
1602,20,6,7,5,0,inf,0.1,4
1603,20,6,7,5,0,inf,0.2,4
1604,20,6,7,5,0,inf,0.3,4
1605,20,6,7,5,0,inf,0.4,4
1606,20,6,7,5,0,inf,0.5,4
1607,20,6,7,5,0,inf,1.0,4
1608,20,6,8,5,0,inf,0.1,4
1609,20,6,8,5,0,inf,0.2,4
1610,20,6,8,5,0,inf,0.3,4
1611,20,6,8,5,0,inf,0.4,4
1612,20,6,8,5,0,inf,0.5,4
1613,20,6,8,5,0,inf,1.0,4
1614,20,6,9,6,0,inf,0.1,4
1615,20,6,9,6,0,inf,0.2,4
1616,20,6,9,6,0,inf,0.3,4
1617,20,6,9,6,0,inf,0.4,4
1618,20,6,9,6,0,inf,0.5,4
1619,20,6,9,6,0,inf,1.0,4
1620,20,6,10,6,0,inf,0.1,4
1621,20,6,10,6,0,inf,0.2,4
1622,20,6,10,6,0,inf,0.3,4
1623,20,6,10,6,0,inf,0.4,4
1624,20,6,10,6,0,inf,0.5,4
1625,20,6,10,6,0,inf,1.0,4
1626,20,6,11,6,0,inf,0.1,4
1627,20,6,11,6,0,inf,0.2,4
1628,20,6,11,6,0,inf,0.3,4
1629,20,6,11,6,0,inf,0.4,4
1630,20,6,11,6,0,inf,0.5,4
1631,20,6,11,6,0,inf,1.0,4
1632,20,6,12,6,0,inf,0.1,4
1633,20,6,12,6,0,inf,0.2,4
1634,20,6,12,6,0,inf,0.3,4
1635,20,6,12,6,0,inf,0.4,4
1636,20,6,12,6,0,inf,0.5,4
1637,20,6,12,6,0,inf,1.0,4
1638,21,6,0,5,0,inf,0.1,4
1639,21,6,0,5,0,inf,0.2,4
1640,21,6,0,5,0,inf,0.3,4
1641,21,6,0,5,0,inf,0.4,4
1642,21,6,0,5,0,inf,0.5,4
1643,21,6,0,5,0,inf,1.0,4
1644,21,6,1,5,0,inf,0.1,4
1645,21,6,1,5,0,inf,0.2,4
1646,21,6,1,5,0,inf,0.3,4
1647,21,6,1,5,0,inf,0.4,4
1648,21,6,1,5,0,inf,0.5,4
1649,21,6,1,5,0,inf,1.0,4
1650,21,6,2,7,0,inf,0.1,4
1651,21,6,2,7,0,inf,0.2,4
1652,21,6,2,7,0,inf,0.3,4
1653,21,6,2,7,0,inf,0.4,4
1654,21,6,2,7,0,inf,0.5,4
1655,21,6,2,7,0,inf,1.0,4
1656,21,6,3,7,0,inf,0.1,4
1657,21,6,3,7,0,inf,0.2,4
1658,21,6,3,7,0,inf,0.3,4
1659,21,6,3,7,0,inf,0.4,4
1660,21,6,3,7,0,inf,0.5,4
1661,21,6,3,7,0,inf,1.0,4
1662,21,6,4,7,0,inf,0.1,4
1663,21,6,4,7,0,inf,0.2,4
1664,21,6,4,7,0,inf,0.3,4
1665,21,6,4,7,0,inf,0.4,4
1666,21,6,4,7,0,inf,0.5,4
1667,21,6,4,7,0,inf,1.0,4
1668,21,6,5,5,0,inf,0.1,4
1669,21,6,5,5,0,inf,0.2,4
1670,21,6,5,5,0,inf,0.3,4
1671,21,6,5,5,0,inf,0.4,4
1672,21,6,5,5,0,inf,0.5,4
1673,21,6,5,5,0,inf,1.0,4
1674,21,6,6,5,0,inf,0.1,4
1675,21,6,6,5,0,inf,0.2,4
1676,21,6,6,5,0,inf,0.3,4
1677,21,6,6,5,0,inf,0.4,4
1678,21,6,6,5,0,inf,0.5,4
1679,21,6,6,5,0,inf,1.0,4
1680,21,6,7,5,0,inf,0.1,4
1681,21,6,7,5,0,inf,0.2,4
1682,21,6,7,5,0,inf,0.3,4
1683,21,6,7,5,0,inf,0.4,4
1684,21,6,7,5,0,inf,0.5,4
1685,21,6,7,5,0,inf,1.0,4
1686,21,6,8,5,0,inf,0.1,4
1687,21,6,8,5,0,inf,0.2,4
1688,21,6,8,5,0,inf,0.3,4
1689,21,6,8,5,0,inf,0.4,4
1690,21,6,8,5,0,inf,0.5,4
1691,21,6,8,5,0,inf,1.0,4
1692,21,6,9,6,0,inf,0.1,4
1693,21,6,9,6,0,inf,0.2,4
1694,21,6,9,6,0,inf,0.3,4
1695,21,6,9,6,0,inf,0.4,4
1696,21,6,9,6,0,inf,0.5,4
1697,21,6,9,6,0,inf,1.0,4
1698,21,6,10,6,0,inf,0.1,4
1699,21,6,10,6,0,inf,0.2,4
1700,21,6,10,6,0,inf,0.3,4
1701,21,6,10,6,0,inf,0.4,4
1702,21,6,10,6,0,inf,0.5,4
1703,21,6,10,6,0,inf,1.0,4
1704,21,6,11,6,0,inf,0.1,4
1705,21,6,11,6,0,inf,0.2,4
1706,21,6,11,6,0,inf,0.3,4
1707,21,6,11,6,0,inf,0.4,4
1708,21,6,11,6,0,inf,0.5,4
1709,21,6,11,6,0,inf,1.0,4
1710,21,6,12,6,0,inf,0.1,4
1711,21,6,12,6,0,inf,0.2,4
1712,21,6,12,6,0,inf,0.3,4
1713,21,6,12,6,0,inf,0.4,4
1714,21,6,12,6,0,inf,0.5,4
1715,21,6,12,6,0,inf,1.0,4
